post_text,evidence,evidence_original,source_combo,DSM5_symptom,status,sentence_id
"I 100% know that if I haev to Pgo to college laone without my fmaily or any supoprt Im gonna end up kliling ymself. .. . Im abrely keeping my sefl alive now, I can ' t imaygine being all by myself aSnd deailng wTith my thouhgts and emotions!","I 100% know that if I haev to Pgo to college laone without my fmaily or any supoprt Im gonna end up kliling ymself. .. . Im abrely keeping my sefl alive now, I can ' t imaygine being all by myself aSnd deailng wTith my thouhgts and emotions!","I 100% know that if I have to go to college alone without my family or any support Im gonna end up killing myself....Im barely keeping my self alive now, I can't imagine being all by myself and dealing with my thoughts and emotions!",nlp_randchar_swap+ta_char_rand_ins,SUICIDAL_THOUGHTS,1,s_156_366_1
"I 100% know that if I have to go Eto collgee aloen witlhout my faimiyl or any support Im gonan end up killnig myself. .. . Im barely keepign my slef mailve now, I can ' t imagine beign all by ymself and dealing with my thoughts and emotions!","I 100% know that if I have to go Eto collgee aloen witlhout my faimiyl or any support Im gonan end up killnig myself. .. . Im barely keepign my slef mailve now, I can ' t imagine beign all by ymself and dealing with my thoughts and emotions!","I 100% know that if I have to go to college alone without my family or any support Im gonna end up killing myself....Im barely keeping my self alive now, I can't imagine being all by myself and dealing with my thoughts and emotions!",nlp_randchar_swap+ta_char_rand_ins,SUICIDAL_THOUGHTS,1,s_156_366_1
"I ' ve behen like this for a olng time now wehrein I slepe at around 9 or 1pV0m, Xhoping to awke mup early in the morinng at aorund 7 - 8Qpm, then all of a sudden I wake up at 12 or 2am in the omrning feelign groggy and now I cant get back bed.","I ' ve behen like this for a olng time now wehrein I slepe at around 9 or 1pV0m, Xhoping to awke mup early in the morinng at aorund 7 - 8Qpm, then all of a sudden I wake up at 12 or 2am in the omrning feelign groggy and now I cant get back bed.","I've been like this for a long time now wherein I sleep at around 9 or 10pm, hoping to wake up early in the morning at around 7-8pm, then all of a sudden I wake up at 12 or 2am in the morning feeling groggy and now I cant get back bed.",nlp_randchar_swap+ta_char_rand_ins,SLEEP_ISSUES,1,s_852_229_1
"My dog ips rtained Fto ocmfort Hme when I have anxiety, be a physicael barrier bteween me and peolpe when I get panicyk, and porvide an excsue to levae a istuation i. e. he needs to go potyt / eat / drink.","My dog ips rtained Fto ocmfort Hme when I have anxiety, be a physicael barrier bteween me and peolpe when I get panicyk, and porvide an excsue to levae a istuation i. e. he needs to go potyt / eat / drink.","My dog is trained to comfort me when I have anxiety, be a physical barrier between me and people when I get panicky, and provide an excuse to leave a situation i.e. he needs to go potty/eat/drink.",nlp_randchar_swap+ta_char_rand_ins,PSYCHOMOTOR,1,s_708_315_0
"I was able to experiecne novelty and joy even if I did still feel oljnely / depressed and would self harm, I had the abilitIy to enjoy and feel like the reawl me - now all thatvs goen and Ive just gotetn buried nito a depressCive hloe wehre everyady is livde robotically or ghsotly.","I was able to experiecne novelty and joy even if I did still feel oljnely / depressed and would self harm, I had the abilitIy to enjoy and feel like the reawl me - now all thatvs goen and Ive just gotetn buried nito a depressCive hloe wehre everyady is livde robotically or ghsotly.","I was able to experience novelty and joy even if I did still feel lonely/ depressed and would self harm , I had the ability to enjoy and feel like the real me - now all thats gone and Ive just gotten buried into a depressive hole where everyday is lived robotically or ghostly.",nlp_randchar_swap+ta_char_rand_ins,ANHEDONIA,1,s_258_546_2
"Masturbating riDhgt before and alsmo during sleep I feel like its affectnig my sleep quality IJf I waek up tirde in the morning whne I shoudl go abck to sleep, instead I sQtart masturbatnig which also affects how much rest I get.","Masturbating riDhgt before and alsmo during sleep I feel like its affectnig my sleep quality IJf I waek up tirde in the morning whne I shoudl go abck to sleep, instead I sQtart masturbatnig which also affects how much rest I get.","Masturbating right before and also during sleep I feel like its affecting my sleep quality If I wake up tired in the morning when I should go back to sleep, instead I start masturbating which also affects how much rest I get.",nlp_randchar_swap+ta_char_rand_ins,SLEEP_ISSUES,1,s_1404_1455_0
"I work from hoem, and I don ' t shleep well for the most pVart (I have insomnia and completelxy rNely on sleep aids, and they tedn not to give yowu a godo night ' s rets, which results in fatgiue a few ohurs after waking up ), so at some point druing the day, I usually get a little tired eand have the urge to just crawl itno bed and finish my work latser (wFhich I could do, but stayign awake and doing it right thne would be better ).","I work from hoem, and I don ' t shleep well for the most pVart (I have insomnia and completelxy rNely on sleep aids, and they tedn not to give yowu a godo night ' s rets, which results in fatgiue a few ohurs after waking up ), so at some point druing the day, I usually get a little tired eand have the urge to just crawl itno bed and finish my work latser (wFhich I could do, but stayign awake and doing it right thne would be better ).","I work from home, and I don't sleep well for the most part (I have insomnia and completely rely on sleep aids, and they tend not to give you a good night's rest, which results in fatigue a few hours after waking up), so at some point during the day, I usually get a little tired and have the urge to just crawl into bed and finish my work later (which I could do, but staying awake and doing it right then would be better).",nlp_randchar_swap+ta_char_rand_ins,SLEEP_ISSUES,1,s_2292_402_1
"I work from hmoe, and I dnotn ' t lseep well for the most part (I have nisomnia and complteelmy mrely on sleep aids, and they tend not to give you a goSod night ' s rest, which results in fatigue a few hours after waking up ), so at some Lponit during the day, I usually get a little ttierd and have the urge to just crawl into bed and finsih my work later (hwich I cuold do, but staying aawke and doinDg it right then would be better ).","I work from hmoe, and I dnotn ' t lseep well for the most part (I have nisomnia and complteelmy mrely on sleep aids, and they tend not to give you a goSod night ' s rest, which results in fatigue a few hours after waking up ), so at some Lponit during the day, I usually get a little ttierd and have the urge to just crawl into bed and finsih my work later (hwich I cuold do, but staying aawke and doinDg it right then would be better ).","I work from home, and I don't sleep well for the most part (I have insomnia and completely rely on sleep aids, and they tend not to give you a good night's rest, which results in fatigue a few hours after waking up), so at some point during the day, I usually get a little tired and have the urge to just crawl into bed and finish my work later (which I could do, but staying awake and doing it right then would be better).",nlp_randchar_swap+ta_char_rand_ins,SLEEP_ISSUES,1,s_2292_402_1
"I erally don ' t watn to Qdie, but I crave fwor the owrld to be a dmuch better place, I craev for a osrt of life wherHe I efel in contorl for once, a life where I don ' t fele like I ' m beign led like a horse.","I erally don ' t watn to Qdie, but I crave fwor the owrld to be a dmuch better place, I craev for a osrt of life wherHe I efel in contorl for once, a life where I don ' t fele like I ' m beign led like a horse.","I really don't want to die, but I crave for the world to be a much better place, I crave for a sort of life where I feel in control for once, a life where I don't feel like I'm being led like a horse.",nlp_randchar_swap+ta_char_rand_ins,SUICIDAL_THOUGHTS,1,s_1738_193_5
"I Xerally don ' t watn to die, but I crave for the owrld to be a much better place, I craev for a osrRt bof life where I efel in contorl afor once, a life where I don ' t fele like I ' m beign led like a horse.","I Xerally don ' t watn to die, but I crave for the owrld to be a much better place, I craev for a osrRt bof life where I efel in contorl afor once, a life where I don ' t fele like I ' m beign led like a horse.","I really don't want to die, but I crave for the world to be a much better place, I crave for a sort of life where I feel in control for once, a life where I don't feel like I'm being led like a horse.",nlp_randchar_swap+ta_char_rand_ins,SUICIDAL_THOUGHTS,1,s_1738_193_5
"It has been a rough school year for me wtih a lot of changes htat bruoght me to the poitn oUf uncontrollabel crying for twXo dasy in a rzow, imgraines, muscle tenison, anOd an inabliity to really get any work done with my studnets.","It has been a rough school year for me wtih a lot of changes htat bruoght me to the poitn oUf uncontrollabel crying for twXo dasy in a rzow, imgraines, muscle tenison, anOd an inabliity to really get any work done with my studnets.","It has been a rough school year for me with a lot of changes that brought me to the point of uncontrollable crying for two days in a row, migraines, muscle tension, and an inability to really get any work done with my students.",nlp_randchar_swap+ta_char_rand_ins,SPECIAL_CASE,1,s_1190_67_2
"It has Xbeen a ruoIgh school yera for me wtih a lot of hcanges taht brought me to the point of uncontrollable cyring for two dasy in a row, migraines, muscle tension, and an inability to relaly cget sany owrk done with my stuednts.","It has Xbeen a ruoIgh school yera for me wtih a lot of hcanges taht brought me to the point of uncontrollable cyring for two dasy in a row, migraines, muscle tension, and an inability to relaly cget sany owrk done with my stuednts.","It has been a rough school year for me with a lot of changes that brought me to the point of uncontrollable crying for two days in a row, migraines, muscle tension, and an inability to really get any work done with my students.",nlp_randchar_swap+ta_char_rand_ins,SPECIAL_CASE,1,s_1190_67_2
"I haev atrocious self - seteem (it ' s gettnig bteter, and I ' lkl tell you Zwhy ), and frequnetly would go out wiBth my friends and retrun hmoe feelnig liek hsit because of all the stupid things I ' ve said Ior done.","I haev atrocious self - seteem (it ' s gettnig bteter, and I ' lkl tell you Zwhy ), and frequnetly would go out wiBth my friends and retrun hmoe feelnig liek hsit because of all the stupid things I ' ve said Ior done.","I have atrocious self-esteem (it's getting better, and I'll tell you why), and frequently would go out with my friends and return home feeling like shit because of all the stupid things I've said or done.",nlp_randchar_swap+ta_char_rand_ins,WORTHLESSNESS,1,s_2986_448_1
"I have tarocious self - etseem (it ' s egtting bteter, and I ' fll tell you Hwhy ), and frequently would go out iwth my friedns and return home feeling like shti beccuase of aall the stupid thigns I ' ve sadi or done.","I have tarocious self - etseem (it ' s egtting bteter, and I ' fll tell you Hwhy ), and frequently would go out iwth my friedns and return home feeling like shti beccuase of aall the stupid thigns I ' ve sadi or done.","I have atrocious self-esteem (it's getting better, and I'll tell you why), and frequently would go out with my friends and return home feeling like shit because of all the stupid things I've said or done.",nlp_randchar_swap+ta_char_rand_ins,WORTHLESSNESS,1,s_2986_448_1
"I have tarocious self - etseem (it ' s egtting bteter, and I ' fll tell you Hwhy ), and frequently would go out iwth my friedns and return home feeling like shti beccuase of aall the stupid thigns I ' ve sadi or done.","I have tarocious self - etseem (it ' s egtting bteter, and I ' fll tell you Hwhy ), and frequently would go out iwth my friedns and return home feeling like shti beccuase of aall the stupid thigns I ' ve sadi or done.","I have atrocious self-esteem (it's getting better, and I'll tell you why), and frequently would go out with my friends and return home feeling like shit because of all the stupid things I've said or done.",nlp_randchar_swap+ta_char_rand_ins,WORTHLESSNESS,1,s_2986_448_1
"I haev atrocious self - seteem (it ' s gettnig bteter, and I ' lkl tell you Zwhy ), and frequnetly would go out wiBth my friends and retrun hmoe feelnig liek hsit because of all the stupid things I ' ve said Ior done.","I haev atrocious self - seteem (it ' s gettnig bteter, and I ' lkl tell you Zwhy ), and frequnetly would go out wiBth my friends and retrun hmoe feelnig liek hsit because of all the stupid things I ' ve said Ior done.","I have atrocious self-esteem (it's getting better, and I'll tell you why), and frequently would go out with my friends and return home feeling like shit because of all the stupid things I've said or done.",nlp_randchar_swap+ta_char_rand_ins,WORTHLESSNESS,1,s_2986_448_1
I don ' t ahve a passion for anything I Zlost interest in omst things about the age otf 10 (idk what happened to me mayeb some eavent or one of my childhood operations something gone wrogn) atfer losing it aMt 10; my tiem became occupied wiht phiolsophy and just awsgting tiem mindlessly or Jon intellectual things like science and math.,I don ' t ahve a passion for anything I Zlost interest in omst things about the age otf 10 (idk what happened to me mayeb some eavent or one of my childhood operations something gone wrogn) atfer losing it aMt 10; my tiem became occupied wiht phiolsophy and just awsgting tiem mindlessly or Jon intellectual things like science and math.,I don't have a passion for anything I lost interest in most things about the age of 10 (idk what happened to me maybe some event or one of my childhood operations something gone wrong) after losing it at 10; my time became occupied with philosophy and just wasting time mindlessly or on intellectual things like science and math.,nlp_randchar_swap+ta_char_rand_ins,ANHEDONIA,1,s_212_394_1
I don ' t ahve a passion for anything I Zlost interest in omst things about the age otf 10 (idk what happened to me mayeb some eavent or one of my childhood operations something gone wrogn) atfer losing it aMt 10; my tiem became occupied wiht phiolsophy and just awsgting tiem mindlessly or Jon intellectual things like science and math.,I don ' t ahve a passion for anything I Zlost interest in omst things about the age otf 10 (idk what happened to me mayeb some eavent or one of my childhood operations something gone wrogn) atfer losing it aMt 10; my tiem became occupied wiht phiolsophy and just awsgting tiem mindlessly or Jon intellectual things like science and math.,I don't have a passion for anything I lost interest in most things about the age of 10 (idk what happened to me maybe some event or one of my childhood operations something gone wrong) after losing it at 10; my time became occupied with philosophy and just wasting time mindlessly or on intellectual things like science and math.,nlp_randchar_swap+ta_char_rand_ins,ANHEDONIA,1,s_212_394_1
"I haev struggled wNith binge peatign for a decade, but I htink I ' m finally reocvering frmo that ebcause I ' ve goVne from binging 2500 + calories every ohter day, to juts finding a snack hwen I feel like I watn Bto binge.","I haev struggled wNith binge peatign for a decade, but I htink I ' m finally reocvering frmo that ebcause I ' ve goVne from binging 2500 + calories every ohter day, to juts finding a snack hwen I feel like I watn Bto binge.","I have struggled with binge eating for a decade, but I think I'm finally recovering from that because I've gone from binging 2500+ calories every other day, to just finding a snack when I feel like I want to binge.",nlp_randchar_swap+ta_char_rand_ins,APPETITE_CHANGE,0,s_1499_1118_9
"Occasionally I ' ve taken 25 / 50mg to get to sleep at night but I ' ve dBefinitely nveer experienced anything on it before toher than getting drowsy. .. so, likTe twenty minutes later I ' m getting in bed, and I turn on thiTks white Onoies ten ohur youtueb viedo I sometimse use to hlep me sleep.","Occasionally I ' ve taken 25 / 50mg to get to sleep at night but I ' ve dBefinitely nveer experienced anything on it before toher than getting drowsy. .. so, likTe twenty minutes later I ' m getting in bed, and I turn on thiTks white Onoies ten ohur youtueb viedo I sometimse use to hlep me sleep.","Occasionally I've taken 25/50mg to get to sleep at night but I've definitely never experienced anything on it before other than getting drowsy...so, like twenty minutes later I'm getting in bed, and I turn on this white noise ten hour youtube video I sometimes use to help me sleep.",nlp_randchar_swap+ta_char_rand_ins,SLEEP_ISSUES,1,s_1965_10_8
"Occasionally I ' ve atken 25 / 50mg to get to sleep at night but I ' ve definitely nveer experienced aynthing on it before other than gettiqng drowsy. .. so, ilke twenty mintues later I ' m getting in bed, and I trun on this whitYe noiFes pten horu Hyoutube vdieo I sometimes use to help me lseep.","Occasionally I ' ve atken 25 / 50mg to get to sleep at night but I ' ve definitely nveer experienced aynthing on it before other than gettiqng drowsy. .. so, ilke twenty mintues later I ' m getting in bed, and I trun on this whitYe noiFes pten horu Hyoutube vdieo I sometimes use to help me lseep.","Occasionally I've taken 25/50mg to get to sleep at night but I've definitely never experienced anything on it before other than getting drowsy...so, like twenty minutes later I'm getting in bed, and I turn on this white noise ten hour youtube video I sometimes use to help me sleep.",nlp_randchar_swap+ta_char_rand_ins,SLEEP_ISSUES,1,s_1965_10_8
"Some suicdie attempts left mw cyring fqter all the pain and once, the thought of my mother jLust at pthe other side of thre door and she awking me up cheerfully the next morning, but agian, living for others can only go so fqr, and this is the breaikng piont where the poiknt of nDot caring anymore if I can get rid ozf this pain is becoming stronger and ocming closrBe again.","Some suicdie attempts left mw cyring fqter all the pain and once, the thought of my mother jLust at pthe other side of thre door and she awking me up cheerfully the next morning, but agian, living for others can only go so fqr, and this is the breaikng piont where the poiknt of nDot caring anymore if I can get rid ozf this pain is becoming stronger and ocming closrBe again.","Some suicide attempts left mw crying qfter all the pain and once, the thought of my mother just at the other side of the door and she waking me up cheerfully the next morning, but again, living for others can only go so fqr, and this is the breaking point where the point of not caring anymore if I can get rid of this pain is becoming stronger and coming closer again.",nlp_randchar_swap+ta_char_rand_ins,SUICIDAL_THOUGHTS,1,s_782_6_12
"Ssome suiccide attempts letf mw crying qfter all the pain and once, the thought of my omther juts at the toher side of the door and she wkaing me up cheerfully the next morjnnig, but again, livinhg for others can onyl Ngo so fqr, and this is the breaking point where the poitn of not caring anymore Oif I can get rid of this pain is becoming stronger and comign closqre again.","Ssome suiccide attempts letf mw crying qfter all the pain and once, the thought of my omther juts at the toher side of the door and she wkaing me up cheerfully the next morjnnig, but again, livinhg for others can onyl Ngo so fqr, and this is the breaking point where the poitn of not caring anymore Oif I can get rid of this pain is becoming stronger and comign closqre again.","Some suicide attempts left mw crying qfter all the pain and once, the thought of my mother just at the other side of the door and she waking me up cheerfully the next morning, but again, living for others can only go so fqr, and this is the breaking point where the point of not caring anymore if I can get rid of this pain is becoming stronger and coming closer again.",nlp_randchar_swap+ta_char_rand_ins,SUICIDAL_THOUGHTS,1,s_782_6_12
"I tried to stay uBp logner psat 3 pm yesterday but I got way too tired and flel asleYep until 11 pm and now I cant geDt avny selep isnce Im not tirde and my tcis want to ceome out, but I acnt let thme since my mom will be angry.","I tried to stay uBp logner psat 3 pm yesterday but I got way too tired and flel asleYep until 11 pm and now I cant geDt avny selep isnce Im not tirde and my tcis want to ceome out, but I acnt let thme since my mom will be angry.","I tried to stay up longer past 3 pm yesterday but I got way too tired and fell asleep until 11 pm and now I cant get any sleep since Im not tired and my tics want to come out, but I cant let them since my mom will be angry.",nlp_randchar_swap+ta_char_rand_ins,SLEEP_ISSUES,1,s_2434_538_2
"I ' ve done some thinking aMs to why I may feBel depressed, and one thing that stood out is the fact that I ' m always looking fjor new thigngs in my life to rifll somFe kind of hole or need this has becmoe destrZuctive though, as I will eat a lot just for the sake of eating because it efels good and different frmo feeling g depressed, or I ' ll ujst Nby random crap juts becuase it is new and the this gs I cused to like to do, ilKke programming or reading, I just don ' t find as fun anymore I ' m not sure if this is just a part of depression oDr if its entirely something differetn.","I ' ve done some thinking aMs to why I may feBel depressed, and one thing that stood out is the fact that I ' m always looking fjor new thigngs in my life to rifll somFe kind of hole or need this has becmoe destrZuctive though, as I will eat a lot just for the sake of eating because it efels good and different frmo feeling g depressed, or I ' ll ujst Nby random crap juts becuase it is new and the this gs I cused to like to do, ilKke programming or reading, I just don ' t find as fun anymore I ' m not sure if this is just a part of depression oDr if its entirely something differetn.","I've done some thinking as to why I may feel depressed, and one thing that stood out is the fact that I'm always looking for new things in my life to fill some kind of hole or need

this has become destructive though, as I will eat a lot just for the sake of eating because it feels good and different from feeling g depressed, or I'll just by random crap just because it is new

and the this gs I used to like to do, like programming or reading, I just don't find as fun anymore

I'm not sure if this is just a part of depression or if its entirely something different.",nlp_randchar_swap+ta_char_rand_ins,DEPRESSED_MOOD,1,s_1808_2_2
"But now I feel Dlike Im hitting a awll, it becomes so frusteratign I feekl ilke I get brunt out, and then end up feelign like I need to force myself into doing something howveJer I just end up thAinking abotu it all day and maybe do it last minute if that, and if I odnt hdo it i really beat myeslf up over it the next daJy and it becomes haredr.","But now I feel Dlike Im hitting a awll, it becomes so frusteratign I feekl ilke I get brunt out, and then end up feelign like I need to force myself into doing something howveJer I just end up thAinking abotu it all day and maybe do it last minute if that, and if I odnt hdo it i really beat myeslf up over it the next daJy and it becomes haredr.","But now I feel like Im hitting a wall, it becomes so frustrating I feel like I get burnt out, and then end up feeling like I need to force myself into doing something however I just end up thinking about it all day and maybe do it last minute if that, and if I dont do it i really beat myself up over it the next day and it becomes harder.",nlp_randchar_swap+ta_char_rand_ins,ANHEDONIA,1,s_1551_7_5
"But now I feel like Im hitting a wall, it bceomes so frustrating I feel liek I get burtn out, and then end up feelirgn like I need to force mysplef into doing something however I jsYut Zend up thniking about it all day and maybe do it last minute if that, aAnd if I dont zdo it i raelly beat myseRlf up voer it the netx day and it becomes harder.","But now I feel like Im hitting a wall, it bceomes so frustrating I feel liek I get burtn out, and then end up feelirgn like I need to force mysplef into doing something however I jsYut Zend up thniking about it all day and maybe do it last minute if that, aAnd if I dont zdo it i raelly beat myseRlf up voer it the netx day and it becomes harder.","But now I feel like Im hitting a wall, it becomes so frustrating I feel like I get burnt out, and then end up feeling like I need to force myself into doing something however I just end up thinking about it all day and maybe do it last minute if that, and if I dont do it i really beat myself up over it the next day and it becomes harder.",nlp_randchar_swap+ta_char_rand_ins,ANHEDONIA,1,s_1551_7_5
"My bodny is in constant pain, constant head achse, extreem hvaet flashse, on and off fevers, nausea, etc. . HWorst of all my depression and anxiety has gtoten so mcuh owrse which has led me to cuttign and suicidla thuoghts.","My bodny is in constant pain, constant head achse, extreem hvaet flashse, on and off fevers, nausea, etc. . HWorst of all my depression and anxiety has gtoten so mcuh owrse which has led me to cuttign and suicidla thuoghts.","My body is in constant pain, constant head aches, extreme heat flashes, on and off fevers, nausea, etc.. Worst of all my depression and anxiety has gotten so much worse which has led me to cutting and suicidal thoughts.",nlp_randchar_swap+ta_char_rand_ins,SUICIDAL_THOUGHTS,1,s_156_345_8
ill tsart efeling extremely hsitty about myself afterwards as i alreayd hvae low senlf esteem ill start to feel like it was something i said oxr if itfs my fault its really affecting my mental healtXh as well like ill strat to myself im thhe toxic one for thinkign htat she always needs to act the asme i Vdo i honestly dont even know.,ill tsart efeling extremely hsitty about myself afterwards as i alreayd hvae low senlf esteem ill start to feel like it was something i said oxr if itfs my fault its really affecting my mental healtXh as well like ill strat to myself im thhe toxic one for thinkign htat she always needs to act the asme i Vdo i honestly dont even know.,ill start feeling extremely shitty about myself afterwards as i already have low self esteem ill start to feel like it was something i said or if its my fault its really affecting my mental health as well like ill start to myself im the toxic one for thinking that she always needs to act the same i do i honestly dont even know.,nlp_randchar_swap+ta_char_rand_ins,WORTHLESSNESS,1,s_1194_0_4
ill tsBart efeling extremely hsitty about Imyself afterwards as i alreayd hvae Flow self esteem ill start to feel like it was something i sUabid or if iPts my fault its really affecting my mental health as well like ill strat to myself im the toxic one for thinkign htat she always needs to act the asme i do i honestly dont even know.,ill tsBart efeling extremely hsitty about Imyself afterwards as i alreayd hvae Flow self esteem ill start to feel like it was something i sUabid or if iPts my fault its really affecting my mental health as well like ill strat to myself im the toxic one for thinkign htat she always needs to act the asme i do i honestly dont even know.,ill start feeling extremely shitty about myself afterwards as i already have low self esteem ill start to feel like it was something i said or if its my fault its really affecting my mental health as well like ill start to myself im the toxic one for thinking that she always needs to act the same i do i honestly dont even know.,nlp_randchar_swap+ta_char_rand_ins,WORTHLESSNESS,1,s_1194_0_4
"Somedays are good osme are not. .. I feel liek a compltee failure to my family I can ' t even ldo schoLol right I can ' t even wtsart my day right I feel like anything I do is wrong and I feel aclone sure I have peodpel I talk to aYt scHhool htat call me thqeir friend but I still feel alone I have no one close no one to share this with and it east me uJp insied, I ' m 16 and my life feels like a huge mistake ilke it was never menat Bto be I ' m only 16 why me why?","Somedays are good osme are not. .. I feel liek a compltee failure to my family I can ' t even ldo schoLol right I can ' t even wtsart my day right I feel like anything I do is wrong and I feel aclone sure I have peodpel I talk to aYt scHhool htat call me thqeir friend but I still feel alone I have no one close no one to share this with and it east me uJp insied, I ' m 16 and my life feels like a huge mistake ilke it was never menat Bto be I ' m only 16 why me why?","Somedays are good some are not...I feel like a complete failure to my family I can't even do school right I can't even start my day right I feel like anything I do is wrong and I feel alone sure I have people I talk to at school that call me their friend but I still feel alone I have no one close no one to share this with and it eats me up inside, I'm 16 and my life feels like a huge mistake like it was never meant to be I'm only 16 why me why ?",nlp_randchar_swap+ta_char_rand_ins,WORTHLESSNESS,1,s_931_428_1
"Someadys are good some are nout. .. I feel like a complete failure to my family I can ' t even do school right I can ' t even start my day right I feel like anythign I do is wrong Iand I feel alone sure I have people I aZtlk to at scWhool that clal me their friend but I tsill efel aMlone I have no one close no one to share thjis with and it eats me up inside, I ' m 16 and my life feels like a huge mOistake like iMt wNas never menat to be I ' m onyl 1U6 why me why?","Someadys are good some are nout. .. I feel like a complete failure to my family I can ' t even do school right I can ' t even start my day right I feel like anythign I do is wrong Iand I feel alone sure I have people I aZtlk to at scWhool that clal me their friend but I tsill efel aMlone I have no one close no one to share thjis with and it eats me up inside, I ' m 16 and my life feels like a huge mOistake like iMt wNas never menat to be I ' m onyl 1U6 why me why?","Somedays are good some are not...I feel like a complete failure to my family I can't even do school right I can't even start my day right I feel like anything I do is wrong and I feel alone sure I have people I talk to at school that call me their friend but I still feel alone I have no one close no one to share this with and it eats me up inside, I'm 16 and my life feels like a huge mistake like it was never meant to be I'm only 16 why me why ?",nlp_randchar_swap+ta_char_rand_ins,WORTHLESSNESS,1,s_931_428_1
"When I met her I was in a depressed state, I was harming myself everyday and was almost going to kill myself, then I met her, she uwas so perfect she made me lauWgh for the first timXe in years, she talked daily with me till dawn, she kept pme away frLom all thue bad thoughts, while we dated thinsg kept gettZnig betteOr and ebtter, I really thought I was going tMo be okay, but then she left me, now I hate thaht I evre met her, I haet that the memories keep coming back, I hate that she omved on so fast, I hate that I ' m harming myself again, I hajte that I ' m back to smoking UanId drinking, I thtae that I ' m failing college, I hate that everything I duo reminds me of her, I haet that she blcoked me, I hate myself, I htae everything.","When I met her I was in a depressed state, I was harming myself everyday and was almost going to kill myself, then I met her, she uwas so perfect she made me lauWgh for the first timXe in years, she talked daily with me till dawn, she kept pme away frLom all thue bad thoughts, while we dated thinsg kept gettZnig betteOr and ebtter, I really thought I was going tMo be okay, but then she left me, now I hate thaht I evre met her, I haet that the memories keep coming back, I hate that she omved on so fast, I hate that I ' m harming myself again, I hajte that I ' m back to smoking UanId drinking, I thtae that I ' m failing college, I hate that everything I duo reminds me of her, I haet that she blcoked me, I hate myself, I htae everything.","When I met her I was in a depressed state, I was harming myself everyday and was almost going to kill myself, then I met her, she was so perfect she made me laugh for the first time in years, she talked daily with me till dawn, she kept me away from all the bad thoughts, while we dated things kept getting better and better, I really thought I was going to be okay, but then she left me, now I hate that I ever met her, I hate that the memories keep coming back, I hate that she moved on so fast, I hate that I'm harming myself again, I hate that I'm back to smoking and drinking, I hate that I'm failing college, I hate that everything I do reminds me of her, I hate that she blocked me, I hate myself, I hate everything.",nlp_randchar_swap+ta_char_rand_ins,WORTHLESSNESS,1,s_293_38_1
"Whne I met her I Zwas in a depressed state, I was guahrming myself everyday and twas almots going to kill myself, then I met hNer, she was so peBrfect she made mwe laugh for the first time in yeasr, she talked daily wiht me till dawn, shpge kept Sme waay from all the bad thoughts, while we dated things kept getting better and better, I really thought I was going to be koay, but then she left qme, now I hate thta I ever met her, I hate that the mkemories keep comign back, I hate that she moved oHn so fats, I hate that I ' m harming myself again, I hate that I ' m back to smoking and drinking, I hate that I ' m failing college, I hate that everything I do reminds me of her, I hate that she blocked me, I hate myself, I hjate beverything.","Whne I met her I Zwas in a depressed state, I was guahrming myself everyday and twas almots going to kill myself, then I met hNer, she was so peBrfect she made mwe laugh for the first time in yeasr, she talked daily wiht me till dawn, shpge kept Sme waay from all the bad thoughts, while we dated things kept getting better and better, I really thought I was going to be koay, but then she left qme, now I hate thta I ever met her, I hate that the mkemories keep comign back, I hate that she moved oHn so fats, I hate that I ' m harming myself again, I hate that I ' m back to smoking and drinking, I hate that I ' m failing college, I hate that everything I do reminds me of her, I hate that she blocked me, I hate myself, I hjate beverything.","When I met her I was in a depressed state, I was harming myself everyday and was almost going to kill myself, then I met her, she was so perfect she made me laugh for the first time in years, she talked daily with me till dawn, she kept me away from all the bad thoughts, while we dated things kept getting better and better, I really thought I was going to be okay, but then she left me, now I hate that I ever met her, I hate that the memories keep coming back, I hate that she moved on so fast, I hate that I'm harming myself again, I hate that I'm back to smoking and drinking, I hate that I'm failing college, I hate that everything I do reminds me of her, I hate that she blocked me, I hate myself, I hate everything.",nlp_randchar_swap+ta_char_rand_ins,WORTHLESSNESS,1,s_293_38_1
"When I Dmet her I was in a denpressed staet, I waus harming myself everydaJy and was almost going to kill myself, then I mtet her, she was so perfect she made me laugh for the first time in years, she tallked kdaily with me till dawn, she kept me afway frVom alQl wthe bad thoughts, while we dated things kept getting better and better, I eraplly thouhgt I was going to be okay, but then she left me, now I haet qthat I ever met her, I ahte that the memories keep coming Kback, I hate that she moevd on so fast, I hate that I ' m harming myself again, I hate that I ' m bakc to smoking and drinking, I hate that I ' m fialing Jcollege, I hate that everything I do reminds me of her, I hate thta she blocked me, I hate myself, I haet everything.","When I Dmet her I was in a denpressed staet, I waus harming myself everydaJy and was almost going to kill myself, then I mtet her, she was so perfect she made me laugh for the first time in years, she tallked kdaily with me till dawn, she kept me afway frVom alQl wthe bad thoughts, while we dated things kept getting better and better, I eraplly thouhgt I was going to be okay, but then she left me, now I haet qthat I ever met her, I ahte that the memories keep coming Kback, I hate that she moevd on so fast, I hate that I ' m harming myself again, I hate that I ' m bakc to smoking and drinking, I hate that I ' m fialing Jcollege, I hate that everything I do reminds me of her, I hate thta she blocked me, I hate myself, I haet everything.","When I met her I was in a depressed state, I was harming myself everyday and was almost going to kill myself, then I met her, she was so perfect she made me laugh for the first time in years, she talked daily with me till dawn, she kept me away from all the bad thoughts, while we dated things kept getting better and better, I really thought I was going to be okay, but then she left me, now I hate that I ever met her, I hate that the memories keep coming back, I hate that she moved on so fast, I hate that I'm harming myself again, I hate that I'm back to smoking and drinking, I hate that I'm failing college, I hate that everything I do reminds me of her, I hate that she blocked me, I hate myself, I hate everything.",nlp_randchar_swap+ta_char_rand_ins,SUICIDAL_THOUGHTS,1,s_293_38_1
"RWhen I met her I was in a depressed state, I Zwas harming myself everyday and was almost going tgo kJill myself, then I met her, she was so perfect cshe made me laugh for the first time in years, she talked daily with Xme till dawn, she kept me awWay from all the bad thoughts, twhile we dated thinsg kept gettnig better and eCbtter, I really thought I was going to be okay, but then she left me, now I hate that I evre mebt her, I haet that the memories keep coming back, I hate that she omved Son so fast, I hate thaGt I ' m harming myself again, I hate that I ' m back to smoking and drinking, I htae that I ' m faiiling zcollege, I hate that everything I do reminds me of her, I haet that she blcoked me, I hate myself, I htae everythivng.","RWhen I met her I was in a depressed state, I Zwas harming myself everyday and was almost going tgo kJill myself, then I met her, she was so perfect cshe made me laugh for the first time in years, she talked daily with Xme till dawn, she kept me awWay from all the bad thoughts, twhile we dated thinsg kept gettnig better and eCbtter, I really thought I was going to be okay, but then she left me, now I hate that I evre mebt her, I haet that the memories keep coming back, I hate that she omved Son so fast, I hate thaGt I ' m harming myself again, I hate that I ' m back to smoking and drinking, I htae that I ' m faiiling zcollege, I hate that everything I do reminds me of her, I haet that she blcoked me, I hate myself, I htae everythivng.","When I met her I was in a depressed state, I was harming myself everyday and was almost going to kill myself, then I met her, she was so perfect she made me laugh for the first time in years, she talked daily with me till dawn, she kept me away from all the bad thoughts, while we dated things kept getting better and better, I really thought I was going to be okay, but then she left me, now I hate that I ever met her, I hate that the memories keep coming back, I hate that she moved on so fast, I hate that I'm harming myself again, I hate that I'm back to smoking and drinking, I hate that I'm failing college, I hate that everything I do reminds me of her, I hate that she blocked me, I hate myself, I hate everything.",nlp_randchar_swap+ta_char_rand_ins,SUICIDAL_THOUGHTS,1,s_293_38_1
"I stlil feel a lOot of guilt, but working iwth my dog and truly spending time wiUth him doign htings he wantas to do and ebing there as his chereleader as he laerns new thinsg hais helped ease some of taht gulit.","I stlil feel a lOot of guilt, but working iwth my dog and truly spending time wiUth him doign htings he wantas to do and ebing there as his chereleader as he laerns new thinsg hais helped ease some of taht gulit.","I still feel a lot of guilt, but working with my dog and truly spending time with him doing things he wants to do and being there as his cheerleader as he learns new things has helped ease some of that guilt.",nlp_randchar_swap+ta_char_rand_ins,WORTHLESSNESS,1,s_1834_697_3
"I tsill fele a lot of guitl, but owrking with my dog land rtuly spending time with him doing things he wants to do and beign htere as his cheerleader as Phe elarns new things mhas helped eaase soem of taht guilt.","I tsill fele a lot of guitl, but owrking with my dog land rtuly spending time with him doing things he wants to do and beign htere as his cheerleader as Phe elarns new things mhas helped eaase soem of taht guilt.","I still feel a lot of guilt, but working with my dog and truly spending time with him doing things he wants to do and being there as his cheerleader as he learns new things has helped ease some of that guilt.",nlp_randchar_swap+ta_char_rand_ins,WORTHLESSNESS,1,s_1834_697_3
"I have not to good sleeping hours do to thoughts, tsress, in other wrods emotions and also nigcht time is the only tmie of day weer it ' s peaec and quite so I tend rto atke a ohur Jor so oEf that in. .. I have a hard tmie falling asleep at tmieMs and I realley have a hard time staying alseep, I can ' t tell you how many timIes I could wake up in just one night!","I have not to good sleeping hours do to thoughts, tsress, in other wrods emotions and also nigcht time is the only tmie of day weer it ' s peaec and quite so I tend rto atke a ohur Jor so oEf that in. .. I have a hard tmie falling asleep at tmieMs and I realley have a hard time staying alseep, I can ' t tell you how many timIes I could wake up in just one night!","I have not to good sleeping hours do to thoughts, stress, in other words emotions and also night time is the only time of day were it's peace and quite so I tend to take a hour or so of that in... I have a hard time falling asleep at times and I really have a hard time staying asleep, I can't tell you how many times I could wake up in just one night!",nlp_randchar_swap+ta_char_rand_ins,SLEEP_ISSUES,1,s_586_904_1
"I have nIot to good sleeping hours do to thoughts, tsress, in other wrods emotions and also night time is the only tmie of day weer it ' s peaec and quite so I tend to atke a ohur or so of that in. .. I have a hard tmie falling asleep at tmfies annd I really have a hard time staying alseep, I bcan ' t tell yoCu how mwany ytimes I could wake up in just one night!","I have nIot to good sleeping hours do to thoughts, tsress, in other wrods emotions and also night time is the only tmie of day weer it ' s peaec and quite so I tend to atke a ohur or so of that in. .. I have a hard tmie falling asleep at tmfies annd I really have a hard time staying alseep, I bcan ' t tell yoCu how mwany ytimes I could wake up in just one night!","I have not to good sleeping hours do to thoughts, stress, in other words emotions and also night time is the only time of day were it's peace and quite so I tend to take a hour or so of that in... I have a hard time falling asleep at times and I really have a hard time staying asleep, I can't tell you how many times I could wake up in just one night!",nlp_randchar_swap+ta_char_rand_ins,SLEEP_ISSUES,1,s_586_904_1
"Like I said, I acnt say tthat my omod is low nor is theer any sort of intrusive and painfull things giong on in my head, but for soem reasno I kepe triyng to convince myseblf that suicide is tVhe nohly option elft?","Like I said, I acnt say tthat my omod is low nor is theer any sort of intrusive and painfull things giong on in my head, but for soem reasno I kepe triyng to convince myseblf that suicide is tVhe nohly option elft?","Like I said, I cant say that my mood is low nor is there any sort of intrusive and painfull things going on in my head, but for some reason I keep trying to convince myself that suicide is the only option left?",nlp_randchar_swap+ta_char_rand_ins,SUICIDAL_THOUGHTS,1,s_2886_1_8
"This shit wlil come and go fas it pleaKses for the nuforseeable fuutre, I odnt watn anything, I ' ve lsot all drvie due to the depressive episode and I cant evne posess the wiKll to pikc up the trial.","This shit wlil come and go fas it pleaKses for the nuforseeable fuutre, I odnt watn anything, I ' ve lsot all drvie due to the depressive episode and I cant evne posess the wiKll to pikc up the trial.","This shit will come and go as it pleases for the unforseeable future, I dont want anything, I've lost all drive due to the depressive episode and I cant even posess the will to pick up the trail.",nlp_randchar_swap+ta_char_rand_ins,SPECIAL_CASE,1,s_2886_1_13
"This shit wlil come and go fas it pleaKses for the nuforseeable fuutre, I odnt watn anything, I ' ve lsot all drvie due to the depressive episode and I cant evne posess the wiKll to pikc up the trial.","This shit wlil come and go fas it pleaKses for the nuforseeable fuutre, I odnt watn anything, I ' ve lsot all drvie due to the depressive episode and I cant evne posess the wiKll to pikc up the trial.","This shit will come and go as it pleases for the unforseeable future, I dont want anything, I've lost all drive due to the depressive episode and I cant even posess the will to pick up the trail.",nlp_randchar_swap+ta_char_rand_ins,DEPRESSED_MOOD,1,s_2886_1_13
its just that i cant bare to always rdag thsi sadness iwth me and i knwo for sure taht it wnot go away for a whiel (cuz for tZhta to hapepn i woulld have to change my hwole personality) so i would jjust be bpetter of feeling nothing.,its just that i cant bare to always rdag thsi sadness iwth me and i knwo for sure taht it wnot go away for a whiel (cuz for tZhta to hapepn i woulld have to change my hwole personality) so i would jjust be bpetter of feeling nothing.,its just that i cant bare to always drag this sadness with me and i know for sure that it wont go away for a while (cuz for that to happen i would have to change my whole personality) so i would just be better of feeling nothing.,nlp_randchar_swap+ta_char_rand_ins,DEPRESSED_MOOD,1,s_321_122_1
its just that i cant bare to always rdag thsi sadness iwth me and i knwo fWor sure taht it wnot go awsay for a whiel (cuz for thta to hapepn i would rhave to change my hwole personality) so i woeuld just be better of feeling nothing.,its just that i cant bare to always rdag thsi sadness iwth me and i knwo fWor sure taht it wnot go awsay for a whiel (cuz for thta to hapepn i would rhave to change my hwole personality) so i woeuld just be better of feeling nothing.,its just that i cant bare to always drag this sadness with me and i know for sure that it wont go away for a while (cuz for that to happen i would have to change my whole personality) so i would just be better of feeling nothing.,nlp_randchar_swap+ta_char_rand_ins,DEPRESSED_MOOD,1,s_321_122_1
"I wjish I coudl overcoem my social adnxiety and be able to post my success story here like oQthJers I ' ll also admit too, I don ' t like ymself becuase of these faults and I have trouble loving myself, and many people even say I ' m too hard Ron myself my last year of college begins in one month, and wehn I move in I want to be confident enOough to go emet atll the new people in my dorm, knokc on peoples doors aond statr conversations, and just not givJe a ufck about what poeple think of me.","I wjish I coudl overcoem my social adnxiety and be able to post my success story here like oQthJers I ' ll also admit too, I don ' t like ymself becuase of these faults and I have trouble loving myself, and many people even say I ' m too hard Ron myself my last year of college begins in one month, and wehn I move in I want to be confident enOough to go emet atll the new people in my dorm, knokc on peoples doors aond statr conversations, and just not givJe a ufck about what poeple think of me.","I wish I could overcome my social anxiety and be able to post my success story here like others

I'll also admit too, I don't like myself because of these faults and I have trouble loving myself, and many people even say I'm too hard on myself

my last year of college begins in one month, and when I move in I want to be confident enough to go meet all the new people in my dorm, knock on peoples doors and start conversations, and just not give a fuck about what people think of me.",nlp_randchar_swap+ta_char_rand_ins,WORTHLESSNESS,1,s_1808_19_12
"I wish I could overcome my socail anxiety and be able to post my succePss story here like others I ' ll also admit too, I don ' t like myself because of thees faults and I haev trouble loving myself, and many people even say I ' m too hard on myself mjy lpast eyar of college ebgins in kone month, ranGd wIhen I move in I want to be confident enuogh Qto go meet all the new people in my dorm, knock on peoples doors and statr conversations, and just not give a fuck baout what peopel think of qme.","I wish I could overcome my socail anxiety and be able to post my succePss story here like others I ' ll also admit too, I don ' t like myself because of thees faults and I haev trouble loving myself, and many people even say I ' m too hard on myself mjy lpast eyar of college ebgins in kone month, ranGd wIhen I move in I want to be confident enuogh Qto go meet all the new people in my dorm, knock on peoples doors and statr conversations, and just not give a fuck baout what peopel think of qme.","I wish I could overcome my social anxiety and be able to post my success story here like others

I'll also admit too, I don't like myself because of these faults and I have trouble loving myself, and many people even say I'm too hard on myself

my last year of college begins in one month, and when I move in I want to be confident enough to go meet all the new people in my dorm, knock on peoples doors and start conversations, and just not give a fuck about what people think of me.",nlp_randchar_swap+ta_char_rand_ins,WORTHLESSNESS,1,s_1808_19_12
"I feel like bursting into tears 24 housr a day (since even if I * don ' t * haev a good reaosn for feelign like shti, my rbain edcidpes tko do so juts for ithe hell of it ), and I Swish I knew how to dela with it other thUan my current solution that inovlves complete cessation of activity.","I feel like bursting into tears 24 housr a day (since even if I * don ' t * haev a good reaosn for feelign like shti, my rbain edcidpes tko do so juts for ithe hell of it ), and I Swish I knew how to dela with it other thUan my current solution that inovlves complete cessation of activity.","I feel like bursting into tears 24 hours a day (since even if I *don't* have a good reason for feeling like shit, my brain decides to do so just for the hell of it), and I wish I knew how to deal with it other than my current solution that involves complete cessation of activity.",nlp_randchar_swap+ta_char_rand_ins,DEPRESSED_MOOD,1,s_2292_225_11
"I feel Glike bursting into tears 24 hours a day (sicne evne if I * don ' t * have a ogod erason for feelign like hsit, my brain dceides tXo do so just for the hell of it ), and I wish I knew how tqo dela with it tohBer than mUy current oslution that involves complete cessation of activity.","I feel Glike bursting into tears 24 hours a day (sicne evne if I * don ' t * have a ogod erason for feelign like hsit, my brain dceides tXo do so just for the hell of it ), and I wish I knew how tqo dela with it tohBer than mUy current oslution that involves complete cessation of activity.","I feel like bursting into tears 24 hours a day (since even if I *don't* have a good reason for feeling like shit, my brain decides to do so just for the hell of it), and I wish I knew how to deal with it other than my current solution that involves complete cessation of activity.",nlp_randchar_swap+ta_char_rand_ins,DEPRESSED_MOOD,1,s_2292_225_11
"If you ' re just a worhtless lupm trying to slowly climb oyur way out of the dark pit bby getting a pjob, trying tBo fidn someoen who lkies you, etc. .. . it ' s pretty hard to describe to normal htinking individuals why you havekn ' t eben wokring on your skills or whateevr eJlse.","If you ' re just a worhtless lupm trying to slowly climb oyur way out of the dark pit bby getting a pjob, trying tBo fidn someoen who lkies you, etc. .. . it ' s pretty hard to describe to normal htinking individuals why you havekn ' t eben wokring on your skills or whateevr eJlse.","If you're just a worthless lump trying to slowly climb your way out of the dark pit by getting a job, trying to find someone who likes you, etc....it's pretty hard to describe to normal thinking individuals why you haven't been working on your skills or whatever else.",nlp_randchar_swap+ta_char_rand_ins,WORTHLESSNESS,1,s_186_171_7
"I donTt caer about Aafmily anymore, I dotn care aobut my firends anmyore, I dont care about my hobbies anymore, I dont ckare about study anymoer, I dont care about anytihng except I ujst want a gilrfriend.","I donTt caer about Aafmily anymore, I dotn care aobut my firends anmyore, I dont care about my hobbies anymore, I dont ckare about study anymoer, I dont care about anytihng except I ujst want a gilrfriend.","I dont care about family anymore, I dont care about my friends anymore, I dont care about my hobbies anymore, I dont care about study anymore, I dont care about anything except I just want a girlfriend.",nlp_randchar_swap+ta_char_rand_ins,ANHEDONIA,1,s_1404_57_30
"Nothing feesl ilke a hupge accomplishment, it feels more like a comlpetely failure in my life, and tAhta I ' ve dug a hole that I can ' t get out of bceause of smoWething that I oculdn ' t have cnotrolled, bor maybe I could ' ve ocntrolled it. .. I don ' t knjwo any more.","Nothing feesl ilke a hupge accomplishment, it feels more like a comlpetely failure in my life, and tAhta I ' ve dug a hole that I can ' t get out of bceause of smoWething that I oculdn ' t have cnotrolled, bor maybe I could ' ve ocntrolled it. .. I don ' t knjwo any more.","Nothing feels like a huge accomplishment, it feels more like a completely failure in my life, and that I've dug a hole that I can't get out of because of something that I couldn't have controlled, or maybe I could've controlled it... I don't know any more.",nlp_randchar_swap+ta_char_rand_ins,WORTHLESSNESS,1,s_701_793_2
"Nothing feels like a huge accomplishmetn, it efels omre lkie a completely failure in my life, and that I ' ve Zdug a hfoel that I can ' t get out of becaues of somtehing htat I couldn ' t have controlled, or maybe I colud ' ve contrloled it. .. I don ' t kOtnow lany more.","Nothing feels like a huge accomplishmetn, it efels omre lkie a completely failure in my life, and that I ' ve Zdug a hfoel that I can ' t get out of becaues of somtehing htat I couldn ' t have controlled, or maybe I colud ' ve contrloled it. .. I don ' t kOtnow lany more.","Nothing feels like a huge accomplishment, it feels more like a completely failure in my life, and that I've dug a hole that I can't get out of because of something that I couldn't have controlled, or maybe I could've controlled it... I don't know any more.",nlp_randchar_swap+ta_char_rand_ins,WORTHLESSNESS,1,s_701_793_2
"Eyah. .. don ' t know what to say but I feel lkie there ' s a "" ihgh "", a pleasurable ihgh hMtat we get from tsarving and ovretime it becBomes a suffering but sStill we try to seke the same pleasure we orignially felt from it but can enver get agrain.","Eyah. .. don ' t know what to say but I feel lkie there ' s a "" ihgh "", a pleasurable ihgh hMtat we get from tsarving and ovretime it becBomes a suffering but sStill we try to seke the same pleasure we orignially felt from it but can enver get agrain.","Yeah... don't know what to say but I feel like there's a ""high"", a pleasurable high that we get from starving and overtime it becomes a suffering but still we try to seek the same pleasure we originally felt from it but can never get again.",nlp_randchar_swap+ta_char_rand_ins,ANHEDONIA,1,s_258_149_0
"Yeah. .. don ' t know what to say but I feel ilke thyeer ' s a "" high "", a pleasurable Whigh taht we get froOm starving and oWvertime it becmoes a suffering but tsill we try to seek the smae pleasure we originally felt frmo it but can neevr get gaain.","Yeah. .. don ' t know what to say but I feel ilke thyeer ' s a "" high "", a pleasurable Whigh taht we get froOm starving and oWvertime it becmoes a suffering but tsill we try to seek the smae pleasure we originally felt frmo it but can neevr get gaain.","Yeah... don't know what to say but I feel like there's a ""high"", a pleasurable high that we get from starving and overtime it becomes a suffering but still we try to seek the same pleasure we originally felt from it but can never get again.",nlp_randchar_swap+ta_char_rand_ins,ANHEDONIA,1,s_258_149_0
"As I ' m too embrarassed to initaite this sort orf stuff, he usally odes it but wvhne I efel lWiek I watn to do something like this or afterwards, I just feel realyl bad for wantign it or I just feel sqo ugilty.","As I ' m too embrarassed to initaite this sort orf stuff, he usally odes it but wvhne I efel lWiek I watn to do something like this or afterwards, I just feel realyl bad for wantign it or I just feel sqo ugilty.","As I'm too embarrassed to initiate this sort of stuff, he usally does it but when I feel like I want to do something like this or afterwards, I just feel really bad for wanting it or I just feel so guilty.",nlp_randchar_swap+ta_char_rand_ins,WORTHLESSNESS,1,s_2402_488_3
"As I ' m too embarrsased to iniutiatme this osrt of stuff, he usalyl does it but wehn I fele like I want Sto do someAhting lkie this or afterwrads, I ujst feel really bad for wanting it or I jsut feel so guilty.","As I ' m too embarrsased to iniutiatme this osrt of stuff, he usalyl does it but wehn I fele like I want Sto do someAhting lkie this or afterwrads, I ujst feel really bad for wanting it or I jsut feel so guilty.","As I'm too embarrassed to initiate this sort of stuff, he usally does it but when I feel like I want to do something like this or afterwards, I just feel really bad for wanting it or I just feel so guilty.",nlp_randchar_swap+ta_char_rand_ins,WORTHLESSNESS,1,s_2402_488_3
I go to all my classes and try really hard to stuCdy all the tiem but foRcsuing is still hrad because my mijnd wanderCs even without touching the internet (which is why cutting has become a strategy to guet myself to focpus agani) I feel ilke at this point dropping out is my only option hwich i knwo owuld make my praents fuirous.,I go to all my classes and try really hard to stuCdy all the tiem but foRcsuing is still hrad because my mijnd wanderCs even without touching the internet (which is why cutting has become a strategy to guet myself to focpus agani) I feel ilke at this point dropping out is my only option hwich i knwo owuld make my praents fuirous.,I go to all my classes and try really hard to study all the time but focusing is still hard because my mind wanders even without touching the internet (which is why cutting has become a strategy to get myself to focus again) I feel like at this point dropping out is my only option which i know would make my parents furious.,nlp_randchar_swap+ta_char_rand_ins,COGNITIVE_ISSUES,0,s_1924_22_0
I go to all Tmy classes and try rehalyl hard to study all the time but focusing is still hard because my mind wanders even iwthout touching the internet (which is why cutting has become a strategy to get mysefl to focsu again) I Wfele lkie at this poitn dorpping out Yis my only option which i nkow would amke Zmy pwarents furious.,I go to all Tmy classes and try rehalyl hard to study all the time but focusing is still hard because my mind wanders even iwthout touching the internet (which is why cutting has become a strategy to get mysefl to focsu again) I Wfele lkie at this poitn dorpping out Yis my only option which i nkow would amke Zmy pwarents furious.,I go to all my classes and try really hard to study all the time but focusing is still hard because my mind wanders even without touching the internet (which is why cutting has become a strategy to get myself to focus again) I feel like at this point dropping out is my only option which i know would make my parents furious.,nlp_randchar_swap+ta_char_rand_ins,COGNITIVE_ISSUES,0,s_1924_22_0
"I don ' t nkow what I need in my life to enjoy it becauGse currently I do not eMnjoy anything in my slife No mattore how ogod my berakfast tastse, eevn if I eat soemthing new that atstes relaly good, I don ' t enjoy eatnig it.","I don ' t nkow what I need in my life to enjoy it becauGse currently I do not eMnjoy anything in my slife No mattore how ogod my berakfast tastse, eevn if I eat soemthing new that atstes relaly good, I don ' t enjoy eatnig it.","I don't know what I need in my life to enjoy it because currently I do not enjoy anything in my life No matter how good my breakfast tastes, even if I eat something new that tastes really good, I don't enjoy eating it.",nlp_randchar_swap+ta_char_rand_ins,ANHEDONIA,1,s_1404_1080_10
"I have depression, the illenss makes me feel empyt, I usde to nejoy sikCing and other activities but I have losAt interest in osme activities htat I used to lvoe doing and everythign juts feeels grey to me.","I have depression, the illenss makes me feel empyt, I usde to nejoy sikCing and other activities but I have losAt interest in osme activities htat I used to lvoe doing and everythign juts feeels grey to me.","I have depression, the illness makes me feel empty, I used to enjoy skiing and other activities but I have lost interest in some activities that I used to love doing and everything just feels grey to me.",nlp_randchar_swap+ta_char_rand_ins,DEPRESSED_MOOD,1,s_2143_170_0
"I haev depression, the illneKss makes me feel empyt, I used to enjoy skiign aXnd oTther activities but I have lots interest in smoe activtiies that I used to loev doign and evreything just feesl grey to me.","I haev depression, the illneKss makes me feel empyt, I used to enjoy skiign aXnd oTther activities but I have lots interest in smoe activtiies that I used to loev doign and evreything just feesl grey to me.","I have depression, the illness makes me feel empty, I used to enjoy skiing and other activities but I have lost interest in some activities that I used to love doing and everything just feels grey to me.",nlp_randchar_swap+ta_char_rand_ins,DEPRESSED_MOOD,1,s_2143_170_0
"I have depression, the illenss makes me feel empyt, I usde to nejoy sikCing and other activities but I have losAt interest in osme activities htat I used to lvoe doing and everythign juts feeels grey to me.","I have depression, the illenss makes me feel empyt, I usde to nejoy sikCing and other activities but I have losAt interest in osme activities htat I used to lvoe doing and everythign juts feeels grey to me.","I have depression, the illness makes me feel empty, I used to enjoy skiing and other activities but I have lost interest in some activities that I used to love doing and everything just feels grey to me.",nlp_randchar_swap+ta_char_rand_ins,ANHEDONIA,1,s_2143_170_0
"I haev depression, the illness makes me feel empyt, I used to enjoy skiign and other activities but I havhe elots interest ipn smoe activtiies that I used to loev doign and evreything just feesl grey to me.","I haev depression, the illness makes me feel empyt, I used to enjoy skiign and other activities but I havhe elots interest ipn smoe activtiies that I used to loev doign and evreything just feesl grey to me.","I have depression, the illness makes me feel empty, I used to enjoy skiing and other activities but I have lost interest in some activities that I used to love doing and everything just feels grey to me.",nlp_randchar_swap+ta_char_rand_ins,ANHEDONIA,1,s_2143_170_0
"I haev depression, the illneKss makes me feel empyt, I used to enjoy skiign aXnd oTther activities but I have lots interest in smoe activtiies that I used to loev doign and evreything just feesl grey to me.","I haev depression, the illneKss makes me feel empyt, I used to enjoy skiign aXnd oTther activities but I have lots interest in smoe activtiies that I used to loev doign and evreything just feesl grey to me.","I have depression, the illness makes me feel empty, I used to enjoy skiing and other activities but I have lost interest in some activities that I used to love doing and everything just feels grey to me.",nlp_randchar_swap+ta_char_rand_ins,ANHEDONIA,1,s_2143_170_0
"I haev depression, the illness makes me feel empyt, I used to enjoy skiign and other activities but I havhe elots interest ipn smoe activtiies that I used to loev doign and evreything just feesl grey to me.","I haev depression, the illness makes me feel empyt, I used to enjoy skiign and other activities but I havhe elots interest ipn smoe activtiies that I used to loev doign and evreything just feesl grey to me.","I have depression, the illness makes me feel empty, I used to enjoy skiing and other activities but I have lost interest in some activities that I used to love doing and everything just feels grey to me.",nlp_randchar_swap+ta_char_rand_ins,ANHEDONIA,1,s_2143_170_0
"I waCke up i try to imrpove mcy life, i still scratch my hair and skni, i tsill pop my joints, i still can ' t read a book and ofcus, i still get scared and anxious aMnd ocnfused, i still, fap and watch porn, i still eat jukn, i still distract myself rahter than thiknn diffuicult thoughts, i aLm trynig to re - wire thees things but it looks like the dowAnward spiral isn ' t changing course thus mOaking it even harder to quit in the future neuroscience: (","I waCke up i try to imrpove mcy life, i still scratch my hair and skni, i tsill pop my joints, i still can ' t read a book and ofcus, i still get scared and anxious aMnd ocnfused, i still, fap and watch porn, i still eat jukn, i still distract myself rahter than thiknn diffuicult thoughts, i aLm trynig to re - wire thees things but it looks like the dowAnward spiral isn ' t changing course thus mOaking it even harder to quit in the future neuroscience: (","I wake up i try to improve my life, i still scratch my hair and skin, i still pop my joints, i still can't read a book and focus, i still get scared and anxious and confused, i still, fap and watch porn, i still eat junk, i still distract myself rather than think difficult thoughts, i am trying to re-wire these things but it looks like the downward spiral isn't changing course thus making it even harder to quit in the future
neuroscience :(",nlp_randchar_swap+ta_char_rand_ins,DEPRESSED_MOOD,1,s_212_757_1
"I wake up i try to miprove my life, i still scrtach my hair and sikn, i still pop my joints, i still can ' t read a boko and fcous, i still get scarde and anixous adnd confused, i still, fap and watch Qporn, i stEill eat junk, i still distract myself rather than think difficult thoughts, i asm triyng to re - wire these thingGs but it looks like the downward spiral isn ' t changing ciourse thus making it even harder to quit in the tfuture enurosgcience: (","I wake up i try to miprove my life, i still scrtach my hair and sikn, i still pop my joints, i still can ' t read a boko and fcous, i still get scarde and anixous adnd confused, i still, fap and watch Qporn, i stEill eat junk, i still distract myself rather than think difficult thoughts, i asm triyng to re - wire these thingGs but it looks like the downward spiral isn ' t changing ciourse thus making it even harder to quit in the tfuture enurosgcience: (","I wake up i try to improve my life, i still scratch my hair and skin, i still pop my joints, i still can't read a book and focus, i still get scared and anxious and confused, i still, fap and watch porn, i still eat junk, i still distract myself rather than think difficult thoughts, i am trying to re-wire these things but it looks like the downward spiral isn't changing course thus making it even harder to quit in the future
neuroscience :(",nlp_randchar_swap+ta_char_rand_ins,DEPRESSED_MOOD,1,s_212_757_1
"I desperately need sleep but every single fucking time that ' tihng ' taps and bangs, I fera if i sleep it will coem orut of the frieplace anVd dceorate Xmy orom in my remaisn, my world is sipnning, I ' m gonig to try to sleemp otnight.","I desperately need sleep but every single fucking time that ' tihng ' taps and bangs, I fera if i sleep it will coem orut of the frieplace anVd dceorate Xmy orom in my remaisn, my world is sipnning, I ' m gonig to try to sleemp otnight.","I desperately need sleep but every single fucking time that 'thing' taps and bangs, I fear if i sleep it will come out of the fireplace and decorate my room in my remains, my world is spinning, I'm going to try to sleep tonight.",nlp_randchar_swap+ta_char_rand_ins,SLEEP_ISSUES,0,s_2544_1099_12
"I desperately nede sleep but veery single fuckinYg tmeie htat ' tihng ' taps and bangs, I efar if i sleep it will come out of the fireplace and decoraet my room in my remains, my wordl is spinning, I ' m going tUo try to sleep tonqight.","I desperately nede sleep but veery single fuckinYg tmeie htat ' tihng ' taps and bangs, I efar if i sleep it will come out of the fireplace and decoraet my room in my remains, my wordl is spinning, I ' m going tUo try to sleep tonqight.","I desperately need sleep but every single fucking time that 'thing' taps and bangs, I fear if i sleep it will come out of the fireplace and decorate my room in my remains, my world is spinning, I'm going to try to sleep tonight.",nlp_randchar_swap+ta_char_rand_ins,SLEEP_ISSUES,0,s_2544_1099_12
"But I ' nve lost baout 30 - 40 on my own so far and havent fetl any major changes vin energy levels, in fatc I thikn the weight loss might be cuasing my depression to become worse due to the stoerd fBat being burned cotnaining horomnes and tehm beiggn released.","But I ' nve lost baout 30 - 40 on my own so far and havent fetl any major changes vin energy levels, in fatc I thikn the weight loss might be cuasing my depression to become worse due to the stoerd fBat being burned cotnaining horomnes and tehm beiggn released.","But I've lost about 30-40 on my own so far and havent felt any major changes in energy levels, in fact I think the weight loss might be causing my depression to become worse due to the stored fat being burned containing hormones and them being released.",nlp_randchar_swap+ta_char_rand_ins,FATIGUE,1,s_186_136_14
"But I ' ve lost baout 30 - 40 on my own so far and havent fetl any major changes in energy levels, in ofatc I thikn the weight loss Pmight be cuasing my depression to become worse qdue to the stoerd fat being burned cotnaining horomnes and tehm beign reMleased.","But I ' ve lost baout 30 - 40 on my own so far and havent fetl any major changes in energy levels, in ofatc I thikn the weight loss Pmight be cuasing my depression to become worse qdue to the stoerd fat being burned cotnaining horomnes and tehm beign reMleased.","But I've lost about 30-40 on my own so far and havent felt any major changes in energy levels, in fact I think the weight loss might be causing my depression to become worse due to the stored fat being burned containing hormones and them being released.",nlp_randchar_swap+ta_char_rand_ins,FATIGUE,1,s_186_136_14
"I ' ve always eflt pretty ugilty abotu the maount that I not only sleep talk but sleep shout, actualyl, I prtety muBhc only lseep shuot. .. If I ' m kshoutinYg angrily at someone in mmy dream thne chances are I will shout it out loud too, waking us both up.","I ' ve always eflt pretty ugilty abotu the maount that I not only sleep talk but sleep shout, actualyl, I prtety muBhc only lseep shuot. .. If I ' m kshoutinYg angrily at someone in mmy dream thne chances are I will shout it out loud too, waking us both up.","I've always felt pretty guilty about the amount that I not only sleep talk but sleep shout, actually, I pretty much only sleep shout... If I'm shouting angrily at someone in my dream then chances are I will shout it out loud too, waking us both up.",nlp_randchar_swap+ta_char_rand_ins,WORTHLESSNESS,1,s_2727_538_0
"But sicne I ' vGe acme hmoe my nightmares have been the same, sotpping me from going to slepe because I ' ve been too scared to, so I ' ve bene staying up at like 3 - 4 in the morning to completey exhaust me, but I always waek up around 7 - 8 to get eFrady for my course hwich starts at 9: 3w0 Nand caRrries on tidll 4.","But sicne I ' vGe acme hmoe my nightmares have been the same, sotpping me from going to slepe because I ' ve been too scared to, so I ' ve bene staying up at like 3 - 4 in the morning to completey exhaust me, but I always waek up around 7 - 8 to get eFrady for my course hwich starts at 9: 3w0 Nand caRrries on tidll 4.","But since I've came home my nightmares have been the same, stopping me from going to sleep because I've been too scared to, so I've been staying up at like 3-4 in the morning to completey exhaust me, but I always wake up around 7-8 to get ready for my course which starts at 9:30 and carries on till 4.",nlp_randchar_swap+ta_char_rand_ins,SLEEP_ISSUES,1,s_2402_721_4
"EBut sicne I ' ve acme hmoe my nightmares have been the same, sotpping me from going tOEo slepe because I ' ve been too scared to, so I ' ve bene staying up at like 3 - 4 xin the morning to completey exhaust me, but I always wamek up around 7 - 8 to get erady for my course hwich starts at 9: 30 anpd carries on till 4.","EBut sicne I ' ve acme hmoe my nightmares have been the same, sotpping me from going tOEo slepe because I ' ve been too scared to, so I ' ve bene staying up at like 3 - 4 xin the morning to completey exhaust me, but I always wamek up around 7 - 8 to get erady for my course hwich starts at 9: 30 anpd carries on till 4.","But since I've came home my nightmares have been the same, stopping me from going to sleep because I've been too scared to, so I've been staying up at like 3-4 in the morning to completey exhaust me, but I always wake up around 7-8 to get ready for my course which starts at 9:30 and carries on till 4.",nlp_randchar_swap+ta_char_rand_ins,SLEEP_ISSUES,1,s_2402_721_4
"I try my ebst to keep myself potimistic but most adys Sit doesGn ' t wrok as I would ohpe to like it too, then agian it ' s probably beLts to not stay tDo optiimstic just to eventually let myself down becaues I ' d voer hyped myself.","I try my ebst to keep myself potimistic but most adys Sit doesGn ' t wrok as I would ohpe to like it too, then agian it ' s probably beLts to not stay tDo optiimstic just to eventually let myself down becaues I ' d voer hyped myself.","I try my best to keep myself optimistic but most days it doesn't work as I would hope to like it too, then again it's probably best to not stay to optimistic just to eventually let myself down because I'd over hyped myself.",nlp_randchar_swap+ta_char_rand_ins,DEPRESSED_MOOD,1,s_586_428_1
"Then one day it dawnerd on me, and I cman ' t tell you when xeactly, but it occurred to me htat it ' s okay not to be perfect, and tjo remnid msyelf thta onbody is, anMd in accepting that I wans ' t perfect and that it was okya, I could sotp hating msyWelf.","Then one day it dawnerd on me, and I cman ' t tell you when xeactly, but it occurred to me htat it ' s okay not to be perfect, and tjo remnid msyelf thta onbody is, anMd in accepting that I wans ' t perfect and that it was okya, I could sotp hating msyWelf.","Then one day it dawned on me, and I can't tell you when exactly, but it occurred to me that it's okay not to be perfect, and to remind myself that nobody is, and in accepting that I wasn't perfect and that it was okay, I could stop hating myself.",nlp_randchar_swap+ta_char_rand_ins,WORTHLESSNESS,1,s_2606_508_15
"I feel elike I wasted Mmy twenites not making enough memorise; I constantly compare mWy life to everyoen ldeses and it hurts knowing mine has been an absys but idk, I haev hopleess hope that my lief ownt be like this foerver.","I feel elike I wasted Mmy twenites not making enough memorise; I constantly compare mWy life to everyoen ldeses and it hurts knowing mine has been an absys but idk, I haev hopleess hope that my lief ownt be like this foerver.","I feel like I wasted my twenties not making enough memories ; I constantly compare my life to everyone elses and it hurts knowing mine has been an abyss but idk, I have hopeless hope that my life wont be like this forever.",nlp_randchar_swap+ta_char_rand_ins,DEPRESSED_MOOD,1,s_258_585_3
"I feel lkie I awsted mcy twenties gnot making enough mmeories; I ocnstantly copmare my life to everyone elses and it hurts knowign mine has been an abyOss but idk, I have hopeless hoep htat my ilfe wkotn be like this forever.","I feel lkie I awsted mcy twenties gnot making enough mmeories; I ocnstantly copmare my life to everyone elses and it hurts knowign mine has been an abyOss but idk, I have hopeless hoep htat my ilfe wkotn be like this forever.","I feel like I wasted my twenties not making enough memories ; I constantly compare my life to everyone elses and it hurts knowing mine has been an abyss but idk, I have hopeless hope that my life wont be like this forever.",nlp_randchar_swap+ta_char_rand_ins,DEPRESSED_MOOD,1,s_258_585_3
