combo_id,methods,k,rows,dataset_path,status
50018cc896,nlp_cwe_insert_roberta,1,4095,/experiment/YuNing/DataAugmentation_ReDSM5/data/processed/augsets/combo_1_50018cc896/dataset.csv,ok
4cc8bb7428,nlp_randchar_swap,1,4053,/experiment/YuNing/DataAugmentation_ReDSM5/data/processed/augsets/combo_1_4cc8bb7428/dataset.csv,ok
b203623006,ta_char_rand_del,1,64,/experiment/YuNing/DataAugmentation_ReDSM5/data/processed/augsets/combo_1_b203623006/dataset.csv,ok
1cdb090ace,nlp_cwe_insert_roberta+nlp_keyboard,2,3846,/experiment/YuNing/DataAugmentation_ReDSM5/data/processed/augsets/combo_2_1cdb090ace/dataset.csv,ok
40e15fe831,nlp_cwe_insert_roberta+nlp_randword_sub,2,3946,/experiment/YuNing/DataAugmentation_ReDSM5/data/processed/augsets/combo_2_40e15fe831/dataset.csv,ok
ae124d7a86,nlp_cwe_insert_roberta+ta_char_rand_swap,2,265,/experiment/YuNing/DataAugmentation_ReDSM5/data/processed/augsets/combo_2_ae124d7a86/dataset.csv,ok
084a726847,nlp_cwe_insert_roberta+ta_wordswap_embedding,2,3766,/experiment/YuNing/DataAugmentation_ReDSM5/data/processed/augsets/combo_2_084a726847/dataset.csv,ok
d1eb94c89a,nlp_cwe_sub_roberta+nlp_randchar_ins,2,1177,/experiment/YuNing/DataAugmentation_ReDSM5/data/processed/augsets/combo_2_d1eb94c89a/dataset.csv,ok
5440a7419a,nlp_cwe_sub_roberta+nlp_wordnet_syn,2,3460,/experiment/YuNing/DataAugmentation_ReDSM5/data/processed/augsets/combo_2_5440a7419a/dataset.csv,ok
2e9d856a70,nlp_cwe_sub_roberta+ta_wordswap_wordnet,2,3657,/experiment/YuNing/DataAugmentation_ReDSM5/data/processed/augsets/combo_2_2e9d856a70/dataset.csv,ok
9934f94998,nlp_keyboard+nlp_randword_sub,2,4032,/experiment/YuNing/DataAugmentation_ReDSM5/data/processed/augsets/combo_2_9934f94998/dataset.csv,ok
5c223a81c5,nlp_keyboard+ta_char_rand_swap,2,364,/experiment/YuNing/DataAugmentation_ReDSM5/data/processed/augsets/combo_2_5c223a81c5/dataset.csv,ok
effde0b419,nlp_keyboard+ta_wordswap_embedding,2,3592,/experiment/YuNing/DataAugmentation_ReDSM5/data/processed/augsets/combo_2_effde0b419/dataset.csv,ok
e2d7331f84,nlp_ocr+nlp_randchar_swap,2,3441,/experiment/YuNing/DataAugmentation_ReDSM5/data/processed/augsets/combo_2_e2d7331f84/dataset.csv,ok
68995c97c6,nlp_ocr+ta_char_rand_del,2,66,/experiment/YuNing/DataAugmentation_ReDSM5/data/processed/augsets/combo_2_68995c97c6/dataset.csv,ok
7676815c8e,nlp_ocr+ta_word_insert_syn,2,2678,/experiment/YuNing/DataAugmentation_ReDSM5/data/processed/augsets/combo_2_7676815c8e/dataset.csv,ok
29fa0210af,nlp_randchar_del+nlp_randchar_sub,2,1443,/experiment/YuNing/DataAugmentation_ReDSM5/data/processed/augsets/combo_2_29fa0210af/dataset.csv,ok
e7f8cd56ad,nlp_randchar_del+ta_char_neighbor,2,315,/experiment/YuNing/DataAugmentation_ReDSM5/data/processed/augsets/combo_2_e7f8cd56ad/dataset.csv,ok
a57bf45c01,nlp_randchar_del+ta_word_delete,2,1384,/experiment/YuNing/DataAugmentation_ReDSM5/data/processed/augsets/combo_2_a57bf45c01/dataset.csv,ok
6c592d8c16,nlp_randchar_ins+nlp_randchar_sub,2,1340,/experiment/YuNing/DataAugmentation_ReDSM5/data/processed/augsets/combo_2_6c592d8c16/dataset.csv,ok
c0d6c11bc0,nlp_randchar_ins+ta_char_neighbor,2,224,/experiment/YuNing/DataAugmentation_ReDSM5/data/processed/augsets/combo_2_c0d6c11bc0/dataset.csv,ok
22af170363,nlp_randchar_ins+ta_word_delete,2,1198,/experiment/YuNing/DataAugmentation_ReDSM5/data/processed/augsets/combo_2_22af170363/dataset.csv,ok
45aac8102d,nlp_randchar_sub+nlp_randchar_swap,2,4018,/experiment/YuNing/DataAugmentation_ReDSM5/data/processed/augsets/combo_2_45aac8102d/dataset.csv,ok
aa98643094,nlp_randchar_sub+ta_char_rand_del,2,48,/experiment/YuNing/DataAugmentation_ReDSM5/data/processed/augsets/combo_2_aa98643094/dataset.csv,ok
9d5f2d6c89,nlp_randchar_sub+ta_word_insert_syn,2,3091,/experiment/YuNing/DataAugmentation_ReDSM5/data/processed/augsets/combo_2_9d5f2d6c89/dataset.csv,ok
82a5df9eb5,nlp_randchar_swap+nlp_randword_sub,2,3992,/experiment/YuNing/DataAugmentation_ReDSM5/data/processed/augsets/combo_2_82a5df9eb5/dataset.csv,ok
53e38b1c26,nlp_randchar_swap+ta_char_rand_swap,2,375,/experiment/YuNing/DataAugmentation_ReDSM5/data/processed/augsets/combo_2_53e38b1c26/dataset.csv,ok
4e12fd53f8,nlp_randchar_swap+ta_wordswap_embedding,2,3581,/experiment/YuNing/DataAugmentation_ReDSM5/data/processed/augsets/combo_2_4e12fd53f8/dataset.csv,ok
2b0f0ec76e,nlp_randword_delete+nlp_wordnet_syn,2,3659,/experiment/YuNing/DataAugmentation_ReDSM5/data/processed/augsets/combo_2_2b0f0ec76e/dataset.csv,ok
804423b51f,nlp_randword_delete+ta_wordswap_wordnet,2,3725,/experiment/YuNing/DataAugmentation_ReDSM5/data/processed/augsets/combo_2_804423b51f/dataset.csv,ok
5b7810d9be,nlp_randword_sub+ta_char_rand_swap,2,579,/experiment/YuNing/DataAugmentation_ReDSM5/data/processed/augsets/combo_2_5b7810d9be/dataset.csv,ok
b288191417,nlp_randword_sub+ta_wordswap_embedding,2,3492,/experiment/YuNing/DataAugmentation_ReDSM5/data/processed/augsets/combo_2_b288191417/dataset.csv,ok
f156fe5eab,nlp_spelling+ta_char_rand_del,2,71,/experiment/YuNing/DataAugmentation_ReDSM5/data/processed/augsets/combo_2_f156fe5eab/dataset.csv,ok
88648c2fe3,nlp_spelling+ta_word_insert_syn,2,1332,/experiment/YuNing/DataAugmentation_ReDSM5/data/processed/augsets/combo_2_88648c2fe3/dataset.csv,ok
bceddede24,nlp_wordnet_insert+ta_char_neighbor,2,405,/experiment/YuNing/DataAugmentation_ReDSM5/data/processed/augsets/combo_2_bceddede24/dataset.csv,ok
724d129552,nlp_wordnet_insert+ta_word_delete,2,2952,/experiment/YuNing/DataAugmentation_ReDSM5/data/processed/augsets/combo_2_724d129552/dataset.csv,ok
ad6b3eb381,nlp_wordnet_syn+ta_char_neighbor,2,271,/experiment/YuNing/DataAugmentation_ReDSM5/data/processed/augsets/combo_2_ad6b3eb381/dataset.csv,ok
6fc518f90d,nlp_wordnet_syn+ta_word_delete,2,2832,/experiment/YuNing/DataAugmentation_ReDSM5/data/processed/augsets/combo_2_6fc518f90d/dataset.csv,ok
b10be63fc6,ta_char_neighbor+ta_char_rand_del,2,48,/experiment/YuNing/DataAugmentation_ReDSM5/data/processed/augsets/combo_2_b10be63fc6/dataset.csv,ok
718aacde4a,ta_char_neighbor+ta_word_insert_syn,2,379,/experiment/YuNing/DataAugmentation_ReDSM5/data/processed/augsets/combo_2_718aacde4a/dataset.csv,ok
03639f379d,ta_char_rand_del+ta_char_rand_swap,2,52,/experiment/YuNing/DataAugmentation_ReDSM5/data/processed/augsets/combo_2_03639f379d/dataset.csv,ok
02b9ec119f,ta_char_rand_del+ta_wordswap_embedding,2,71,/experiment/YuNing/DataAugmentation_ReDSM5/data/processed/augsets/combo_2_02b9ec119f/dataset.csv,ok
1582b551c1,ta_char_rand_ins+ta_wordswap_wordnet,2,61,/experiment/YuNing/DataAugmentation_ReDSM5/data/processed/augsets/combo_2_1582b551c1/dataset.csv,ok
ab4f4e17cb,ta_char_rand_swap+ta_wordswap_embedding,2,397,/experiment/YuNing/DataAugmentation_ReDSM5/data/processed/augsets/combo_2_ab4f4e17cb/dataset.csv,ok
7c1cbfc07b,ta_contraction+ta_word_insert_syn,2,145,/experiment/YuNing/DataAugmentation_ReDSM5/data/processed/augsets/combo_2_7c1cbfc07b/dataset.csv,ok
2860089022,ta_word_delete+ta_word_insert_syn,2,2473,/experiment/YuNing/DataAugmentation_ReDSM5/data/processed/augsets/combo_2_2860089022/dataset.csv,ok
357e6bc01f,ta_word_insert_syn+ta_wordswap_embedding,2,2598,/experiment/YuNing/DataAugmentation_ReDSM5/data/processed/augsets/combo_2_357e6bc01f/dataset.csv,ok
be7ea8290b,nlp_cwe_sub_roberta,1,3922,/experiment/YuNing/DataAugmentation_ReDSM5/data/processed/augsets/combo_1_be7ea8290b/dataset.csv,ok
892e22af9e,nlp_randword_delete,1,3586,/experiment/YuNing/DataAugmentation_ReDSM5/data/processed/augsets/combo_1_892e22af9e/dataset.csv,ok
1c4c8c6b6c,ta_char_rand_ins,1,64,/experiment/YuNing/DataAugmentation_ReDSM5/data/processed/augsets/combo_1_1c4c8c6b6c/dataset.csv,ok
00776356cf,nlp_cwe_insert_roberta+nlp_ocr,2,3607,/experiment/YuNing/DataAugmentation_ReDSM5/data/processed/augsets/combo_2_00776356cf/dataset.csv,ok
95d8f30490,nlp_cwe_insert_roberta+nlp_spelling,2,1261,/experiment/YuNing/DataAugmentation_ReDSM5/data/processed/augsets/combo_2_95d8f30490/dataset.csv,ok
bd456a7475,nlp_cwe_insert_roberta+ta_contraction,2,74,/experiment/YuNing/DataAugmentation_ReDSM5/data/processed/augsets/combo_2_bd456a7475/dataset.csv,ok
af85c15e1d,nlp_cwe_insert_roberta+ta_wordswap_homoglyph,2,296,/experiment/YuNing/DataAugmentation_ReDSM5/data/processed/augsets/combo_2_af85c15e1d/dataset.csv,ok
9c368e1678,nlp_cwe_sub_roberta+nlp_randchar_sub,2,3827,/experiment/YuNing/DataAugmentation_ReDSM5/data/processed/augsets/combo_2_9c368e1678/dataset.csv,ok
befcb68ad8,nlp_cwe_sub_roberta+ta_char_neighbor,2,374,/experiment/YuNing/DataAugmentation_ReDSM5/data/processed/augsets/combo_2_befcb68ad8/dataset.csv,ok
6e48b637fd,nlp_cwe_sub_roberta+ta_word_delete,2,3164,/experiment/YuNing/DataAugmentation_ReDSM5/data/processed/augsets/combo_2_6e48b637fd/dataset.csv,ok
10f3d2f80b,nlp_keyboard+nlp_ocr,2,3836,/experiment/YuNing/DataAugmentation_ReDSM5/data/processed/augsets/combo_2_10f3d2f80b/dataset.csv,ok
9be337a86e,nlp_keyboard+nlp_spelling,2,1876,/experiment/YuNing/DataAugmentation_ReDSM5/data/processed/augsets/combo_2_9be337a86e/dataset.csv,ok
bf921f2471,nlp_keyboard+ta_contraction,2,87,/experiment/YuNing/DataAugmentation_ReDSM5/data/processed/augsets/combo_2_bf921f2471/dataset.csv,ok
a18cb2620b,nlp_keyboard+ta_wordswap_homoglyph,2,362,/experiment/YuNing/DataAugmentation_ReDSM5/data/processed/augsets/combo_2_a18cb2620b/dataset.csv,ok
3878cd6201,nlp_ocr+nlp_randword_delete,2,3404,/experiment/YuNing/DataAugmentation_ReDSM5/data/processed/augsets/combo_2_3878cd6201/dataset.csv,ok
781741129c,nlp_ocr+ta_char_rand_ins,2,55,/experiment/YuNing/DataAugmentation_ReDSM5/data/processed/augsets/combo_2_781741129c/dataset.csv,ok
900d116d7e,nlp_randchar_del+nlp_randchar_swap,2,1453,/experiment/YuNing/DataAugmentation_ReDSM5/data/processed/augsets/combo_2_900d116d7e/dataset.csv,ok
5069da5e61,nlp_randchar_del+ta_char_rand_del,2,49,/experiment/YuNing/DataAugmentation_ReDSM5/data/processed/augsets/combo_2_5069da5e61/dataset.csv,ok
a637baf7d4,nlp_randchar_del+ta_word_insert_syn,2,1445,/experiment/YuNing/DataAugmentation_ReDSM5/data/processed/augsets/combo_2_a637baf7d4/dataset.csv,ok
8a1f4dba51,nlp_randchar_ins+nlp_randchar_swap,2,1370,/experiment/YuNing/DataAugmentation_ReDSM5/data/processed/augsets/combo_2_8a1f4dba51/dataset.csv,ok
c738015e37,nlp_randchar_ins+ta_char_rand_del,2,68,/experiment/YuNing/DataAugmentation_ReDSM5/data/processed/augsets/combo_2_c738015e37/dataset.csv,ok
2f44e6de15,nlp_randchar_ins+ta_word_insert_syn,2,1064,/experiment/YuNing/DataAugmentation_ReDSM5/data/processed/augsets/combo_2_2f44e6de15/dataset.csv,ok
97611ae04f,nlp_randchar_sub+nlp_randword_delete,2,4035,/experiment/YuNing/DataAugmentation_ReDSM5/data/processed/augsets/combo_2_97611ae04f/dataset.csv,ok
338e9c127f,nlp_randchar_sub+ta_char_rand_ins,2,57,/experiment/YuNing/DataAugmentation_ReDSM5/data/processed/augsets/combo_2_338e9c127f/dataset.csv,ok
8c5dd6c5db,nlp_randchar_swap+nlp_spelling,2,1044,/experiment/YuNing/DataAugmentation_ReDSM5/data/processed/augsets/combo_2_8c5dd6c5db/dataset.csv,ok
806a144951,nlp_randchar_swap+ta_contraction,2,89,/experiment/YuNing/DataAugmentation_ReDSM5/data/processed/augsets/combo_2_806a144951/dataset.csv,ok
1bfa400d58,nlp_randchar_swap+ta_wordswap_homoglyph,2,383,/experiment/YuNing/DataAugmentation_ReDSM5/data/processed/augsets/combo_2_1bfa400d58/dataset.csv,ok
d3cc9c164a,nlp_randword_delete+ta_char_neighbor,2,679,/experiment/YuNing/DataAugmentation_ReDSM5/data/processed/augsets/combo_2_d3cc9c164a/dataset.csv,ok
928d24fe73,nlp_randword_delete+ta_word_delete,2,3074,/experiment/YuNing/DataAugmentation_ReDSM5/data/processed/augsets/combo_2_928d24fe73/dataset.csv,ok
7db3a5db63,nlp_randword_sub+nlp_spelling,2,1310,/experiment/YuNing/DataAugmentation_ReDSM5/data/processed/augsets/combo_2_7db3a5db63/dataset.csv,ok
81ccdef6b6,nlp_randword_sub+ta_contraction,2,129,/experiment/YuNing/DataAugmentation_ReDSM5/data/processed/augsets/combo_2_81ccdef6b6/dataset.csv,ok
61cc08dc58,nlp_randword_sub+ta_wordswap_homoglyph,2,564,/experiment/YuNing/DataAugmentation_ReDSM5/data/processed/augsets/combo_2_61cc08dc58/dataset.csv,ok
cd5dde509c,nlp_spelling+ta_char_rand_ins,2,78,/experiment/YuNing/DataAugmentation_ReDSM5/data/processed/augsets/combo_2_cd5dde509c/dataset.csv,ok
74c4f04638,nlp_wordnet_insert+ta_char_rand_del,2,90,/experiment/YuNing/DataAugmentation_ReDSM5/data/processed/augsets/combo_2_74c4f04638/dataset.csv,ok
042c2ba7ca,nlp_wordnet_insert+ta_word_insert_syn,2,2847,/experiment/YuNing/DataAugmentation_ReDSM5/data/processed/augsets/combo_2_042c2ba7ca/dataset.csv,ok
e435c816d2,nlp_wordnet_syn+ta_char_rand_del,2,52,/experiment/YuNing/DataAugmentation_ReDSM5/data/processed/augsets/combo_2_e435c816d2/dataset.csv,ok
dc3725a85f,nlp_wordnet_syn+ta_word_insert_syn,2,2808,/experiment/YuNing/DataAugmentation_ReDSM5/data/processed/augsets/combo_2_dc3725a85f/dataset.csv,ok
bc4a9cd6b8,ta_char_neighbor+ta_char_rand_ins,2,61,/experiment/YuNing/DataAugmentation_ReDSM5/data/processed/augsets/combo_2_bc4a9cd6b8/dataset.csv,ok
b48c8c5835,ta_char_rand_del+ta_contraction,2,1,/experiment/YuNing/DataAugmentation_ReDSM5/data/processed/augsets/combo_2_b48c8c5835/dataset.csv,ok
9864476718,ta_char_rand_del+ta_wordswap_homoglyph,2,53,/experiment/YuNing/DataAugmentation_ReDSM5/data/processed/augsets/combo_2_9864476718/dataset.csv,ok
747297a0c4,ta_char_rand_ins+ta_word_delete,2,59,/experiment/YuNing/DataAugmentation_ReDSM5/data/processed/augsets/combo_2_747297a0c4/dataset.csv,ok
e133145774,ta_char_rand_swap+ta_contraction,2,23,/experiment/YuNing/DataAugmentation_ReDSM5/data/processed/augsets/combo_2_e133145774/dataset.csv,ok
be303f982f,ta_char_rand_swap+ta_wordswap_homoglyph,2,386,/experiment/YuNing/DataAugmentation_ReDSM5/data/processed/augsets/combo_2_be303f982f/dataset.csv,ok
a8865f0657,ta_mlm_sub_bert+ta_word_insert_syn,2,2928,/experiment/YuNing/DataAugmentation_ReDSM5/data/processed/augsets/combo_2_a8865f0657/dataset.csv,ok
182e137869,ta_mlm_sub_roberta+ta_word_insert_syn,2,2950,/experiment/YuNing/DataAugmentation_ReDSM5/data/processed/augsets/combo_2_182e137869/dataset.csv,ok
7fa56fc105,ta_word_insert_syn+ta_wordswap_homoglyph,2,184,/experiment/YuNing/DataAugmentation_ReDSM5/data/processed/augsets/combo_2_7fa56fc105/dataset.csv,ok
8bb6756752,ta_wordswap_embedding+ta_wordswap_homoglyph,2,401,/experiment/YuNing/DataAugmentation_ReDSM5/data/processed/augsets/combo_2_8bb6756752/dataset.csv,ok
a0427fca91,nlp_keyboard,1,4062,/experiment/YuNing/DataAugmentation_ReDSM5/data/processed/augsets/combo_1_a0427fca91/dataset.csv,ok
fd5c4a6cd8,nlp_randword_sub,1,3623,/experiment/YuNing/DataAugmentation_ReDSM5/data/processed/augsets/combo_1_fd5c4a6cd8/dataset.csv,ok
bf0e7aca96,ta_char_rand_swap,1,394,/experiment/YuNing/DataAugmentation_ReDSM5/data/processed/augsets/combo_1_bf0e7aca96/dataset.csv,ok
df26ec5bb7,ta_wordswap_embedding,1,3061,/experiment/YuNing/DataAugmentation_ReDSM5/data/processed/augsets/combo_1_df26ec5bb7/dataset.csv,ok
c3a3199c51,nlp_cwe_sub_roberta+nlp_randchar_swap,2,3828,/experiment/YuNing/DataAugmentation_ReDSM5/data/processed/augsets/combo_2_c3a3199c51/dataset.csv,ok
65da3e2c2f,nlp_cwe_sub_roberta+ta_char_rand_del,2,48,/experiment/YuNing/DataAugmentation_ReDSM5/data/processed/augsets/combo_2_65da3e2c2f/dataset.csv,ok
2f9fd311eb,nlp_cwe_sub_roberta+ta_word_insert_syn,2,2945,/experiment/YuNing/DataAugmentation_ReDSM5/data/processed/augsets/combo_2_2f9fd311eb/dataset.csv,ok
bcc2df708c,nlp_keyboard+nlp_randchar_del,2,2436,/experiment/YuNing/DataAugmentation_ReDSM5/data/processed/augsets/combo_2_bcc2df708c/dataset.csv,ok
9eb6aad2d2,nlp_keyboard+nlp_wordnet_insert,2,3864,/experiment/YuNing/DataAugmentation_ReDSM5/data/processed/augsets/combo_2_9eb6aad2d2/dataset.csv,ok
1ea05df777,nlp_keyboard+ta_wordswap_qwerty,2,354,/experiment/YuNing/DataAugmentation_ReDSM5/data/processed/augsets/combo_2_1ea05df777/dataset.csv,ok
c07dda7b09,nlp_ocr+nlp_randword_sub,2,3287,/experiment/YuNing/DataAugmentation_ReDSM5/data/processed/augsets/combo_2_c07dda7b09/dataset.csv,ok
c7b4578419,nlp_ocr+ta_char_rand_swap,2,365,/experiment/YuNing/DataAugmentation_ReDSM5/data/processed/augsets/combo_2_c7b4578419/dataset.csv,ok
9ecff42d10,nlp_ocr+ta_wordswap_embedding,2,3037,/experiment/YuNing/DataAugmentation_ReDSM5/data/processed/augsets/combo_2_9ecff42d10/dataset.csv,ok
27e15d3dcc,nlp_randchar_del+nlp_randword_delete,2,1716,/experiment/YuNing/DataAugmentation_ReDSM5/data/processed/augsets/combo_2_27e15d3dcc/dataset.csv,ok
312347fba5,nlp_randchar_del+ta_char_rand_ins,2,54,/experiment/YuNing/DataAugmentation_ReDSM5/data/processed/augsets/combo_2_312347fba5/dataset.csv,ok
8bfdcefba8,nlp_randchar_ins+nlp_randword_delete,2,1395,/experiment/YuNing/DataAugmentation_ReDSM5/data/processed/augsets/combo_2_8bfdcefba8/dataset.csv,ok
9e4222fd29,nlp_randchar_ins+ta_char_rand_ins,2,75,/experiment/YuNing/DataAugmentation_ReDSM5/data/processed/augsets/combo_2_9e4222fd29/dataset.csv,ok
216b48b413,nlp_randchar_sub+nlp_randword_sub,2,4036,/experiment/YuNing/DataAugmentation_ReDSM5/data/processed/augsets/combo_2_216b48b413/dataset.csv,ok
c0179689d2,nlp_randchar_sub+ta_char_rand_swap,2,363,/experiment/YuNing/DataAugmentation_ReDSM5/data/processed/augsets/combo_2_c0179689d2/dataset.csv,ok
979a7cb730,nlp_randchar_sub+ta_wordswap_embedding,2,3580,/experiment/YuNing/DataAugmentation_ReDSM5/data/processed/augsets/combo_2_979a7cb730/dataset.csv,ok
8a4b4061f5,nlp_randchar_swap+nlp_wordnet_insert,2,3833,/experiment/YuNing/DataAugmentation_ReDSM5/data/processed/augsets/combo_2_8a4b4061f5/dataset.csv,ok
083026844e,nlp_randchar_swap+ta_wordswap_qwerty,2,392,/experiment/YuNing/DataAugmentation_ReDSM5/data/processed/augsets/combo_2_083026844e/dataset.csv,ok
83555fcbaa,nlp_randword_delete+ta_char_rand_del,2,192,/experiment/YuNing/DataAugmentation_ReDSM5/data/processed/augsets/combo_2_83555fcbaa/dataset.csv,ok
da20c726fb,nlp_randword_delete+ta_word_insert_syn,2,3177,/experiment/YuNing/DataAugmentation_ReDSM5/data/processed/augsets/combo_2_da20c726fb/dataset.csv,ok
717447103f,nlp_randword_sub+nlp_wordnet_insert,2,3787,/experiment/YuNing/DataAugmentation_ReDSM5/data/processed/augsets/combo_2_717447103f/dataset.csv,ok
decd97142f,nlp_randword_sub+ta_wordswap_qwerty,2,574,/experiment/YuNing/DataAugmentation_ReDSM5/data/processed/augsets/combo_2_decd97142f/dataset.csv,ok
ce0bee658b,nlp_spelling+ta_char_rand_swap,2,361,/experiment/YuNing/DataAugmentation_ReDSM5/data/processed/augsets/combo_2_ce0bee658b/dataset.csv,ok
89b376acfe,nlp_spelling+ta_wordswap_embedding,2,1339,/experiment/YuNing/DataAugmentation_ReDSM5/data/processed/augsets/combo_2_89b376acfe/dataset.csv,ok
55b768f528,nlp_wordnet_insert+ta_char_rand_ins,2,102,/experiment/YuNing/DataAugmentation_ReDSM5/data/processed/augsets/combo_2_55b768f528/dataset.csv,ok
4985cbe9d6,nlp_wordnet_syn+ta_char_rand_ins,2,46,/experiment/YuNing/DataAugmentation_ReDSM5/data/processed/augsets/combo_2_4985cbe9d6/dataset.csv,ok
238c142e61,ta_char_neighbor+ta_char_rand_swap,2,383,/experiment/YuNing/DataAugmentation_ReDSM5/data/processed/augsets/combo_2_238c142e61/dataset.csv,ok
40fafbefec,ta_char_neighbor+ta_wordswap_embedding,2,402,/experiment/YuNing/DataAugmentation_ReDSM5/data/processed/augsets/combo_2_40fafbefec/dataset.csv,ok
399a0c35fe,ta_char_rand_del+ta_wordswap_qwerty,2,49,/experiment/YuNing/DataAugmentation_ReDSM5/data/processed/augsets/combo_2_399a0c35fe/dataset.csv,ok
8094294d6d,ta_char_rand_ins+ta_word_insert_syn,2,32,/experiment/YuNing/DataAugmentation_ReDSM5/data/processed/augsets/combo_2_8094294d6d/dataset.csv,ok
5e39d6e396,ta_char_rand_swap+ta_wordswap_qwerty,2,379,/experiment/YuNing/DataAugmentation_ReDSM5/data/processed/augsets/combo_2_5e39d6e396/dataset.csv,ok
67b1bcbac6,ta_contraction+ta_wordswap_embedding,2,141,/experiment/YuNing/DataAugmentation_ReDSM5/data/processed/augsets/combo_2_67b1bcbac6/dataset.csv,ok
bb935eda95,ta_word_delete+ta_wordswap_embedding,2,2659,/experiment/YuNing/DataAugmentation_ReDSM5/data/processed/augsets/combo_2_bb935eda95/dataset.csv,ok
bae8fecdf7,ta_word_insert_syn+ta_wordswap_qwerty,2,188,/experiment/YuNing/DataAugmentation_ReDSM5/data/processed/augsets/combo_2_bae8fecdf7/dataset.csv,ok
f51b612830,ta_wordswap_embedding+ta_wordswap_qwerty,2,422,/experiment/YuNing/DataAugmentation_ReDSM5/data/processed/augsets/combo_2_f51b612830/dataset.csv,ok
7d61ef8d13,nlp_ocr,1,3169,/experiment/YuNing/DataAugmentation_ReDSM5/data/processed/augsets/combo_1_7d61ef8d13/dataset.csv,ok
8e1b54a7f6,nlp_spelling,1,1209,/experiment/YuNing/DataAugmentation_ReDSM5/data/processed/augsets/combo_1_8e1b54a7f6/dataset.csv,ok
7e94f08c64,ta_contraction,1,77,/experiment/YuNing/DataAugmentation_ReDSM5/data/processed/augsets/combo_1_7e94f08c64/dataset.csv,ok
b11683c456,ta_wordswap_homoglyph,1,400,/experiment/YuNing/DataAugmentation_ReDSM5/data/processed/augsets/combo_1_b11683c456/dataset.csv,ok
f2626b9b17,nlp_keyboard+nlp_randchar_ins,2,1964,/experiment/YuNing/DataAugmentation_ReDSM5/data/processed/augsets/combo_2_f2626b9b17/dataset.csv,ok
a93bb648df,nlp_keyboard+nlp_wordnet_syn,2,3714,/experiment/YuNing/DataAugmentation_ReDSM5/data/processed/augsets/combo_2_a93bb648df/dataset.csv,ok
5e3cc60d71,nlp_keyboard+ta_wordswap_wordnet,2,3819,/experiment/YuNing/DataAugmentation_ReDSM5/data/processed/augsets/combo_2_5e3cc60d71/dataset.csv,ok
d8c84f7b05,nlp_ocr+nlp_spelling,2,973,/experiment/YuNing/DataAugmentation_ReDSM5/data/processed/augsets/combo_2_d8c84f7b05/dataset.csv,ok
01b34b61fc,nlp_ocr+ta_contraction,2,73,/experiment/YuNing/DataAugmentation_ReDSM5/data/processed/augsets/combo_2_01b34b61fc/dataset.csv,ok
243d0379b1,nlp_ocr+ta_wordswap_homoglyph,2,371,/experiment/YuNing/DataAugmentation_ReDSM5/data/processed/augsets/combo_2_243d0379b1/dataset.csv,ok
6390ecf844,nlp_randchar_del+nlp_randword_sub,2,1724,/experiment/YuNing/DataAugmentation_ReDSM5/data/processed/augsets/combo_2_6390ecf844/dataset.csv,ok
185394e75d,nlp_randchar_del+ta_char_rand_swap,2,324,/experiment/YuNing/DataAugmentation_ReDSM5/data/processed/augsets/combo_2_185394e75d/dataset.csv,ok
0a06d3cbe8,nlp_randchar_del+ta_wordswap_embedding,2,1568,/experiment/YuNing/DataAugmentation_ReDSM5/data/processed/augsets/combo_2_0a06d3cbe8/dataset.csv,ok
3a2393104b,nlp_randchar_ins+nlp_randword_sub,2,1405,/experiment/YuNing/DataAugmentation_ReDSM5/data/processed/augsets/combo_2_3a2393104b/dataset.csv,ok
6e9a3a02c3,nlp_randchar_ins+ta_char_rand_swap,2,222,/experiment/YuNing/DataAugmentation_ReDSM5/data/processed/augsets/combo_2_6e9a3a02c3/dataset.csv,ok
997d8d4f57,nlp_randchar_ins+ta_wordswap_embedding,2,1157,/experiment/YuNing/DataAugmentation_ReDSM5/data/processed/augsets/combo_2_997d8d4f57/dataset.csv,ok
2549d09c62,nlp_randchar_sub+nlp_spelling,2,2017,/experiment/YuNing/DataAugmentation_ReDSM5/data/processed/augsets/combo_2_2549d09c62/dataset.csv,ok
2b9a93b106,nlp_randchar_sub+ta_contraction,2,93,/experiment/YuNing/DataAugmentation_ReDSM5/data/processed/augsets/combo_2_2b9a93b106/dataset.csv,ok
d2ca6c4e04,nlp_randchar_sub+ta_wordswap_homoglyph,2,353,/experiment/YuNing/DataAugmentation_ReDSM5/data/processed/augsets/combo_2_d2ca6c4e04/dataset.csv,ok
368f315ade,nlp_randchar_swap+nlp_wordnet_syn,2,3657,/experiment/YuNing/DataAugmentation_ReDSM5/data/processed/augsets/combo_2_368f315ade/dataset.csv,ok
a7b5c039e7,nlp_randchar_swap+ta_wordswap_wordnet,2,3817,/experiment/YuNing/DataAugmentation_ReDSM5/data/processed/augsets/combo_2_a7b5c039e7/dataset.csv,ok
2d05d0b8a3,nlp_randword_delete+ta_char_rand_ins,2,141,/experiment/YuNing/DataAugmentation_ReDSM5/data/processed/augsets/combo_2_2d05d0b8a3/dataset.csv,ok
eebc31fca0,nlp_randword_sub+nlp_wordnet_syn,2,3572,/experiment/YuNing/DataAugmentation_ReDSM5/data/processed/augsets/combo_2_eebc31fca0/dataset.csv,ok
59625635aa,nlp_randword_sub+ta_wordswap_wordnet,2,3698,/experiment/YuNing/DataAugmentation_ReDSM5/data/processed/augsets/combo_2_59625635aa/dataset.csv,ok
6b0db9ad92,nlp_spelling+ta_contraction,2,25,/experiment/YuNing/DataAugmentation_ReDSM5/data/processed/augsets/combo_2_6b0db9ad92/dataset.csv,ok
e6622f9d24,nlp_spelling+ta_wordswap_homoglyph,2,359,/experiment/YuNing/DataAugmentation_ReDSM5/data/processed/augsets/combo_2_e6622f9d24/dataset.csv,ok
d90a2582e4,nlp_wordnet_insert+ta_char_rand_swap,2,379,/experiment/YuNing/DataAugmentation_ReDSM5/data/processed/augsets/combo_2_d90a2582e4/dataset.csv,ok
0bb1fb442f,nlp_wordnet_insert+ta_wordswap_embedding,2,3468,/experiment/YuNing/DataAugmentation_ReDSM5/data/processed/augsets/combo_2_0bb1fb442f/dataset.csv,ok
0acda40598,nlp_wordnet_syn+ta_char_rand_swap,2,289,/experiment/YuNing/DataAugmentation_ReDSM5/data/processed/augsets/combo_2_0acda40598/dataset.csv,ok
996d850204,nlp_wordnet_syn+ta_wordswap_embedding,2,3312,/experiment/YuNing/DataAugmentation_ReDSM5/data/processed/augsets/combo_2_996d850204/dataset.csv,ok
b4ef8b28e9,ta_char_neighbor+ta_contraction,2,32,/experiment/YuNing/DataAugmentation_ReDSM5/data/processed/augsets/combo_2_b4ef8b28e9/dataset.csv,ok
cac011ba48,ta_char_neighbor+ta_wordswap_homoglyph,2,391,/experiment/YuNing/DataAugmentation_ReDSM5/data/processed/augsets/combo_2_cac011ba48/dataset.csv,ok
06fbc679bf,ta_char_rand_del+ta_wordswap_wordnet,2,58,/experiment/YuNing/DataAugmentation_ReDSM5/data/processed/augsets/combo_2_06fbc679bf/dataset.csv,ok
3bde77ba2e,ta_char_rand_swap+ta_wordswap_wordnet,2,405,/experiment/YuNing/DataAugmentation_ReDSM5/data/processed/augsets/combo_2_3bde77ba2e/dataset.csv,ok
9ab1f3e85e,ta_contraction+ta_wordswap_homoglyph,2,46,/experiment/YuNing/DataAugmentation_ReDSM5/data/processed/augsets/combo_2_9ab1f3e85e/dataset.csv,ok
52d8fda52f,ta_word_delete+ta_wordswap_homoglyph,2,739,/experiment/YuNing/DataAugmentation_ReDSM5/data/processed/augsets/combo_2_52d8fda52f/dataset.csv,ok
c30b3d8d5f,ta_word_insert_syn+ta_wordswap_wordnet,2,2749,/experiment/YuNing/DataAugmentation_ReDSM5/data/processed/augsets/combo_2_c30b3d8d5f/dataset.csv,ok
439c21cc54,ta_wordswap_embedding+ta_wordswap_wordnet,2,3165,/experiment/YuNing/DataAugmentation_ReDSM5/data/processed/augsets/combo_2_439c21cc54/dataset.csv,ok
96c2bef602,nlp_randchar_del,1,1731,/experiment/YuNing/DataAugmentation_ReDSM5/data/processed/augsets/combo_1_96c2bef602/dataset.csv,ok
f5d2e9dd32,nlp_wordnet_insert,1,3637,/experiment/YuNing/DataAugmentation_ReDSM5/data/processed/augsets/combo_1_f5d2e9dd32/dataset.csv,ok
7a7420304d,ta_wordswap_qwerty,1,395,/experiment/YuNing/DataAugmentation_ReDSM5/data/processed/augsets/combo_1_7a7420304d/dataset.csv,ok
cee736843e,nlp_cwe_insert_roberta+nlp_randchar_sub,2,3869,/experiment/YuNing/DataAugmentation_ReDSM5/data/processed/augsets/combo_2_cee736843e/dataset.csv,ok
41c2c2098d,nlp_cwe_insert_roberta+ta_char_neighbor,2,309,/experiment/YuNing/DataAugmentation_ReDSM5/data/processed/augsets/combo_2_41c2c2098d/dataset.csv,ok
d6bb4ae059,nlp_cwe_insert_roberta+ta_word_delete,2,3380,/experiment/YuNing/DataAugmentation_ReDSM5/data/processed/augsets/combo_2_d6bb4ae059/dataset.csv,ok
553aaea0f0,nlp_cwe_sub_roberta+nlp_keyboard,2,3801,/experiment/YuNing/DataAugmentation_ReDSM5/data/processed/augsets/combo_2_553aaea0f0/dataset.csv,ok
0b79f418fd,nlp_cwe_sub_roberta+nlp_randword_sub,2,3723,/experiment/YuNing/DataAugmentation_ReDSM5/data/processed/augsets/combo_2_0b79f418fd/dataset.csv,ok
58b36d7906,nlp_cwe_sub_roberta+ta_char_rand_swap,2,321,/experiment/YuNing/DataAugmentation_ReDSM5/data/processed/augsets/combo_2_58b36d7906/dataset.csv,ok
a963a6c529,nlp_cwe_sub_roberta+ta_wordswap_embedding,2,3599,/experiment/YuNing/DataAugmentation_ReDSM5/data/processed/augsets/combo_2_a963a6c529/dataset.csv,ok
047e71e22c,nlp_keyboard+nlp_randchar_sub,2,3999,/experiment/YuNing/DataAugmentation_ReDSM5/data/processed/augsets/combo_2_047e71e22c/dataset.csv,ok
8be3bfb40e,nlp_keyboard+ta_char_neighbor,2,366,/experiment/YuNing/DataAugmentation_ReDSM5/data/processed/augsets/combo_2_8be3bfb40e/dataset.csv,ok
dce8c912f8,nlp_keyboard+ta_word_delete,2,3396,/experiment/YuNing/DataAugmentation_ReDSM5/data/processed/augsets/combo_2_dce8c912f8/dataset.csv,ok
a070a16903,nlp_ocr+nlp_randchar_del,2,506,/experiment/YuNing/DataAugmentation_ReDSM5/data/processed/augsets/combo_2_a070a16903/dataset.csv,ok
f0b3fa238e,nlp_ocr+nlp_wordnet_insert,2,3242,/experiment/YuNing/DataAugmentation_ReDSM5/data/processed/augsets/combo_2_f0b3fa238e/dataset.csv,ok
ca1e9414fb,nlp_ocr+ta_wordswap_qwerty,2,382,/experiment/YuNing/DataAugmentation_ReDSM5/data/processed/augsets/combo_2_ca1e9414fb/dataset.csv,ok
3ae5316842,nlp_randchar_del+nlp_spelling,2,675,/experiment/YuNing/DataAugmentation_ReDSM5/data/processed/augsets/combo_2_3ae5316842/dataset.csv,ok
3549deac3b,nlp_randchar_del+ta_contraction,2,33,/experiment/YuNing/DataAugmentation_ReDSM5/data/processed/augsets/combo_2_3549deac3b/dataset.csv,ok
a84cf19ccb,nlp_randchar_del+ta_wordswap_homoglyph,2,311,/experiment/YuNing/DataAugmentation_ReDSM5/data/processed/augsets/combo_2_a84cf19ccb/dataset.csv,ok
80638682c0,nlp_randchar_ins+nlp_spelling,2,809,/experiment/YuNing/DataAugmentation_ReDSM5/data/processed/augsets/combo_2_80638682c0/dataset.csv,ok
a7da8a76ab,nlp_randchar_ins+ta_contraction,2,12,/experiment/YuNing/DataAugmentation_ReDSM5/data/processed/augsets/combo_2_a7da8a76ab/dataset.csv,ok
190106ef22,nlp_randchar_ins+ta_wordswap_homoglyph,2,233,/experiment/YuNing/DataAugmentation_ReDSM5/data/processed/augsets/combo_2_190106ef22/dataset.csv,ok
d347493eab,nlp_randchar_sub+nlp_wordnet_insert,2,3840,/experiment/YuNing/DataAugmentation_ReDSM5/data/processed/augsets/combo_2_d347493eab/dataset.csv,ok
c604c5a64c,nlp_randchar_sub+ta_wordswap_qwerty,2,349,/experiment/YuNing/DataAugmentation_ReDSM5/data/processed/augsets/combo_2_c604c5a64c/dataset.csv,ok
9b771897f5,nlp_randchar_swap+ta_char_neighbor,2,395,/experiment/YuNing/DataAugmentation_ReDSM5/data/processed/augsets/combo_2_9b771897f5/dataset.csv,ok
61a7b2e2f2,nlp_randchar_swap+ta_word_delete,2,3407,/experiment/YuNing/DataAugmentation_ReDSM5/data/processed/augsets/combo_2_61a7b2e2f2/dataset.csv,ok
bd9d07f46d,nlp_randword_delete+nlp_randword_sub,2,3656,/experiment/YuNing/DataAugmentation_ReDSM5/data/processed/augsets/combo_2_bd9d07f46d/dataset.csv,ok
a038bb9d47,nlp_randword_delete+ta_char_rand_swap,2,643,/experiment/YuNing/DataAugmentation_ReDSM5/data/processed/augsets/combo_2_a038bb9d47/dataset.csv,ok
1cc74e53c4,nlp_randword_delete+ta_wordswap_embedding,2,3542,/experiment/YuNing/DataAugmentation_ReDSM5/data/processed/augsets/combo_2_1cc74e53c4/dataset.csv,ok
6bdeea1ad6,nlp_randword_sub+ta_char_neighbor,2,586,/experiment/YuNing/DataAugmentation_ReDSM5/data/processed/augsets/combo_2_6bdeea1ad6/dataset.csv,ok
8a58033ce2,nlp_randword_sub+ta_word_delete,2,3018,/experiment/YuNing/DataAugmentation_ReDSM5/data/processed/augsets/combo_2_8a58033ce2/dataset.csv,ok
b5cce12717,nlp_spelling+nlp_wordnet_insert,2,1501,/experiment/YuNing/DataAugmentation_ReDSM5/data/processed/augsets/combo_2_b5cce12717/dataset.csv,ok
7b52bea6fd,nlp_spelling+ta_wordswap_qwerty,2,365,/experiment/YuNing/DataAugmentation_ReDSM5/data/processed/augsets/combo_2_7b52bea6fd/dataset.csv,ok
a29ebc7e4a,nlp_wordnet_insert+ta_contraction,2,95,/experiment/YuNing/DataAugmentation_ReDSM5/data/processed/augsets/combo_2_a29ebc7e4a/dataset.csv,ok
c26088b6d6,nlp_wordnet_insert+ta_wordswap_homoglyph,2,373,/experiment/YuNing/DataAugmentation_ReDSM5/data/processed/augsets/combo_2_c26088b6d6/dataset.csv,ok
21c23a1639,nlp_wordnet_syn+ta_contraction,2,43,/experiment/YuNing/DataAugmentation_ReDSM5/data/processed/augsets/combo_2_21c23a1639/dataset.csv,ok
c2819e16c2,nlp_wordnet_syn+ta_wordswap_homoglyph,2,299,/experiment/YuNing/DataAugmentation_ReDSM5/data/processed/augsets/combo_2_c2819e16c2/dataset.csv,ok
751a0266df,ta_char_neighbor+ta_wordswap_qwerty,2,391,/experiment/YuNing/DataAugmentation_ReDSM5/data/processed/augsets/combo_2_751a0266df/dataset.csv,ok
b0b8f15af7,ta_char_rand_del+ta_word_delete,2,71,/experiment/YuNing/DataAugmentation_ReDSM5/data/processed/augsets/combo_2_b0b8f15af7/dataset.csv,ok
b8934610af,ta_char_rand_ins+ta_char_rand_swap,2,54,/experiment/YuNing/DataAugmentation_ReDSM5/data/processed/augsets/combo_2_b8934610af/dataset.csv,ok
5e99f0f8ee,ta_char_rand_ins+ta_wordswap_embedding,2,62,/experiment/YuNing/DataAugmentation_ReDSM5/data/processed/augsets/combo_2_5e99f0f8ee/dataset.csv,ok
303d5bc250,ta_char_rand_swap+ta_word_delete,2,382,/experiment/YuNing/DataAugmentation_ReDSM5/data/processed/augsets/combo_2_303d5bc250/dataset.csv,ok
8abdb5ba9d,ta_contraction+ta_wordswap_qwerty,2,46,/experiment/YuNing/DataAugmentation_ReDSM5/data/processed/augsets/combo_2_8abdb5ba9d/dataset.csv,ok
5b1ca686f1,ta_word_delete+ta_wordswap_qwerty,2,719,/experiment/YuNing/DataAugmentation_ReDSM5/data/processed/augsets/combo_2_5b1ca686f1/dataset.csv,ok
96ebb820a9,ta_wordswap_homoglyph+ta_wordswap_qwerty,2,377,/experiment/YuNing/DataAugmentation_ReDSM5/data/processed/augsets/combo_2_96ebb820a9/dataset.csv,ok
db94961c51,nlp_randchar_ins,1,1416,/experiment/YuNing/DataAugmentation_ReDSM5/data/processed/augsets/combo_1_db94961c51/dataset.csv,ok
5a6f46fc76,nlp_wordnet_syn,1,3610,/experiment/YuNing/DataAugmentation_ReDSM5/data/processed/augsets/combo_1_5a6f46fc76/dataset.csv,ok
2b742d89a8,ta_wordswap_wordnet,1,3474,/experiment/YuNing/DataAugmentation_ReDSM5/data/processed/augsets/combo_1_2b742d89a8/dataset.csv,ok
f376978084,nlp_cwe_insert_roberta+nlp_randchar_swap,2,3876,/experiment/YuNing/DataAugmentation_ReDSM5/data/processed/augsets/combo_2_f376978084/dataset.csv,ok
a57d0b97f0,nlp_cwe_insert_roberta+ta_char_rand_del,2,245,/experiment/YuNing/DataAugmentation_ReDSM5/data/processed/augsets/combo_2_a57d0b97f0/dataset.csv,ok
cd2a1919a2,nlp_cwe_insert_roberta+ta_word_insert_syn,2,2642,/experiment/YuNing/DataAugmentation_ReDSM5/data/processed/augsets/combo_2_cd2a1919a2/dataset.csv,ok
f46289fbf1,nlp_cwe_sub_roberta+nlp_ocr,2,3556,/experiment/YuNing/DataAugmentation_ReDSM5/data/processed/augsets/combo_2_f46289fbf1/dataset.csv,ok
7357761550,nlp_cwe_sub_roberta+nlp_spelling,2,1306,/experiment/YuNing/DataAugmentation_ReDSM5/data/processed/augsets/combo_2_7357761550/dataset.csv,ok
02ebabe6e6,nlp_cwe_sub_roberta+ta_contraction,2,101,/experiment/YuNing/DataAugmentation_ReDSM5/data/processed/augsets/combo_2_02ebabe6e6/dataset.csv,ok
0efe5cde95,nlp_cwe_sub_roberta+ta_wordswap_homoglyph,2,330,/experiment/YuNing/DataAugmentation_ReDSM5/data/processed/augsets/combo_2_0efe5cde95/dataset.csv,ok
de943e0c6c,nlp_keyboard+nlp_randchar_swap,2,4008,/experiment/YuNing/DataAugmentation_ReDSM5/data/processed/augsets/combo_2_de943e0c6c/dataset.csv,ok
2e35fed590,nlp_keyboard+ta_char_rand_del,2,52,/experiment/YuNing/DataAugmentation_ReDSM5/data/processed/augsets/combo_2_2e35fed590/dataset.csv,ok
5464121268,nlp_keyboard+ta_word_insert_syn,2,3103,/experiment/YuNing/DataAugmentation_ReDSM5/data/processed/augsets/combo_2_5464121268/dataset.csv,ok
046e5f4120,nlp_ocr+nlp_randchar_ins,2,270,/experiment/YuNing/DataAugmentation_ReDSM5/data/processed/augsets/combo_2_046e5f4120/dataset.csv,ok
b8187df271,nlp_ocr+nlp_wordnet_syn,2,3197,/experiment/YuNing/DataAugmentation_ReDSM5/data/processed/augsets/combo_2_b8187df271/dataset.csv,ok
eb4cb341fa,nlp_ocr+ta_wordswap_wordnet,2,3332,/experiment/YuNing/DataAugmentation_ReDSM5/data/processed/augsets/combo_2_eb4cb341fa/dataset.csv,ok
510b14d3b3,nlp_randchar_del+nlp_wordnet_insert,2,1688,/experiment/YuNing/DataAugmentation_ReDSM5/data/processed/augsets/combo_2_510b14d3b3/dataset.csv,ok
39c065b48d,nlp_randchar_del+ta_wordswap_qwerty,2,314,/experiment/YuNing/DataAugmentation_ReDSM5/data/processed/augsets/combo_2_39c065b48d/dataset.csv,ok
bbd191592b,nlp_randchar_ins+nlp_wordnet_insert,2,1343,/experiment/YuNing/DataAugmentation_ReDSM5/data/processed/augsets/combo_2_bbd191592b/dataset.csv,ok
6ff59ef29f,nlp_randchar_ins+ta_wordswap_qwerty,2,212,/experiment/YuNing/DataAugmentation_ReDSM5/data/processed/augsets/combo_2_6ff59ef29f/dataset.csv,ok
f7b674aed1,nlp_randchar_sub+nlp_wordnet_syn,2,3683,/experiment/YuNing/DataAugmentation_ReDSM5/data/processed/augsets/combo_2_f7b674aed1/dataset.csv,ok
289783dfb0,nlp_randchar_sub+ta_wordswap_wordnet,2,3822,/experiment/YuNing/DataAugmentation_ReDSM5/data/processed/augsets/combo_2_289783dfb0/dataset.csv,ok
9f25f494b9,nlp_randchar_swap+ta_char_rand_del,2,64,/experiment/YuNing/DataAugmentation_ReDSM5/data/processed/augsets/combo_2_9f25f494b9/dataset.csv,ok
663fb14f47,nlp_randchar_swap+ta_word_insert_syn,2,3056,/experiment/YuNing/DataAugmentation_ReDSM5/data/processed/augsets/combo_2_663fb14f47/dataset.csv,ok
204fc9cfe0,nlp_randword_delete+nlp_spelling,2,1259,/experiment/YuNing/DataAugmentation_ReDSM5/data/processed/augsets/combo_2_204fc9cfe0/dataset.csv,ok
c33caf4988,nlp_randword_delete+ta_contraction,2,139,/experiment/YuNing/DataAugmentation_ReDSM5/data/processed/augsets/combo_2_c33caf4988/dataset.csv,ok
996a16a898,nlp_randword_delete+ta_wordswap_homoglyph,2,656,/experiment/YuNing/DataAugmentation_ReDSM5/data/processed/augsets/combo_2_996a16a898/dataset.csv,ok
623c72e10f,nlp_randword_sub+ta_char_rand_del,2,107,/experiment/YuNing/DataAugmentation_ReDSM5/data/processed/augsets/combo_2_623c72e10f/dataset.csv,ok
e4d2b9e999,nlp_randword_sub+ta_word_insert_syn,2,3103,/experiment/YuNing/DataAugmentation_ReDSM5/data/processed/augsets/combo_2_e4d2b9e999/dataset.csv,ok
ccd0751efc,nlp_spelling+nlp_wordnet_syn,2,1448,/experiment/YuNing/DataAugmentation_ReDSM5/data/processed/augsets/combo_2_ccd0751efc/dataset.csv,ok
c6d2104b73,nlp_spelling+ta_wordswap_wordnet,2,1468,/experiment/YuNing/DataAugmentation_ReDSM5/data/processed/augsets/combo_2_c6d2104b73/dataset.csv,ok
cf275dc991,nlp_wordnet_insert+ta_wordswap_qwerty,2,420,/experiment/YuNing/DataAugmentation_ReDSM5/data/processed/augsets/combo_2_cf275dc991/dataset.csv,ok
cbdd17395c,nlp_wordnet_syn+ta_wordswap_qwerty,2,313,/experiment/YuNing/DataAugmentation_ReDSM5/data/processed/augsets/combo_2_cbdd17395c/dataset.csv,ok
e21c2b7e1a,ta_char_neighbor+ta_wordswap_wordnet,2,407,/experiment/YuNing/DataAugmentation_ReDSM5/data/processed/augsets/combo_2_e21c2b7e1a/dataset.csv,ok
3bc355a548,ta_char_rand_del+ta_word_insert_syn,2,30,/experiment/YuNing/DataAugmentation_ReDSM5/data/processed/augsets/combo_2_3bc355a548/dataset.csv,ok
ea1bde3895,ta_char_rand_ins+ta_contraction,2,1,/experiment/YuNing/DataAugmentation_ReDSM5/data/processed/augsets/combo_2_ea1bde3895/dataset.csv,ok
d3a31d844e,ta_char_rand_ins+ta_wordswap_homoglyph,2,49,/experiment/YuNing/DataAugmentation_ReDSM5/data/processed/augsets/combo_2_d3a31d844e/dataset.csv,ok
701406d8d4,ta_char_rand_swap+ta_word_insert_syn,2,363,/experiment/YuNing/DataAugmentation_ReDSM5/data/processed/augsets/combo_2_701406d8d4/dataset.csv,ok
0c15580b65,ta_contraction+ta_wordswap_wordnet,2,138,/experiment/YuNing/DataAugmentation_ReDSM5/data/processed/augsets/combo_2_0c15580b65/dataset.csv,ok
d316d90334,ta_word_delete+ta_wordswap_wordnet,2,2825,/experiment/YuNing/DataAugmentation_ReDSM5/data/processed/augsets/combo_2_d316d90334/dataset.csv,ok
c725dcf388,ta_wordswap_homoglyph+ta_wordswap_wordnet,2,392,/experiment/YuNing/DataAugmentation_ReDSM5/data/processed/augsets/combo_2_c725dcf388/dataset.csv,ok
38eeb7f3c2,nlp_randchar_sub,1,4060,/experiment/YuNing/DataAugmentation_ReDSM5/data/processed/augsets/combo_1_38eeb7f3c2/dataset.csv,ok
3ec7727ddc,ta_char_neighbor,1,397,/experiment/YuNing/DataAugmentation_ReDSM5/data/processed/augsets/combo_1_3ec7727ddc/dataset.csv,ok
b194bd85ea,ta_word_delete,1,2539,/experiment/YuNing/DataAugmentation_ReDSM5/data/processed/augsets/combo_1_b194bd85ea/dataset.csv,ok
a6655e21ee,nlp_keyboard+nlp_randword_delete,2,4049,/experiment/YuNing/DataAugmentation_ReDSM5/data/processed/augsets/combo_2_a6655e21ee/dataset.csv,ok
bf28c53b00,nlp_keyboard+ta_char_rand_ins,2,54,/experiment/YuNing/DataAugmentation_ReDSM5/data/processed/augsets/combo_2_bf28c53b00/dataset.csv,ok
9780dd8b4b,nlp_ocr+nlp_randchar_sub,2,3485,/experiment/YuNing/DataAugmentation_ReDSM5/data/processed/augsets/combo_2_9780dd8b4b/dataset.csv,ok
84cbf77204,nlp_ocr+ta_char_neighbor,2,380,/experiment/YuNing/DataAugmentation_ReDSM5/data/processed/augsets/combo_2_84cbf77204/dataset.csv,ok
e2a7d4d308,nlp_ocr+ta_word_delete,2,2685,/experiment/YuNing/DataAugmentation_ReDSM5/data/processed/augsets/combo_2_e2a7d4d308/dataset.csv,ok
ca4a16ddd5,nlp_randchar_del+nlp_randchar_ins,2,205,/experiment/YuNing/DataAugmentation_ReDSM5/data/processed/augsets/combo_2_ca4a16ddd5/dataset.csv,ok
ad01b0dd9a,nlp_randchar_del+nlp_wordnet_syn,2,1614,/experiment/YuNing/DataAugmentation_ReDSM5/data/processed/augsets/combo_2_ad01b0dd9a/dataset.csv,ok
10ad421f7a,nlp_randchar_del+ta_wordswap_wordnet,2,1656,/experiment/YuNing/DataAugmentation_ReDSM5/data/processed/augsets/combo_2_10ad421f7a/dataset.csv,ok
c57a64831c,nlp_randchar_ins+nlp_wordnet_syn,2,1269,/experiment/YuNing/DataAugmentation_ReDSM5/data/processed/augsets/combo_2_c57a64831c/dataset.csv,ok
4de295bef1,nlp_randchar_ins+ta_wordswap_wordnet,2,1271,/experiment/YuNing/DataAugmentation_ReDSM5/data/processed/augsets/combo_2_4de295bef1/dataset.csv,ok
c8c21f7369,nlp_randchar_sub+ta_char_neighbor,2,367,/experiment/YuNing/DataAugmentation_ReDSM5/data/processed/augsets/combo_2_c8c21f7369/dataset.csv,ok
2e60525554,nlp_randchar_sub+ta_word_delete,2,3354,/experiment/YuNing/DataAugmentation_ReDSM5/data/processed/augsets/combo_2_2e60525554/dataset.csv,ok
eb045b0788,nlp_randchar_swap+nlp_randword_delete,2,3998,/experiment/YuNing/DataAugmentation_ReDSM5/data/processed/augsets/combo_2_eb045b0788/dataset.csv,ok
e2e1bec1c4,nlp_randchar_swap+ta_char_rand_ins,2,79,/experiment/YuNing/DataAugmentation_ReDSM5/data/processed/augsets/combo_2_e2e1bec1c4/dataset.csv,ok
299a087169,nlp_randword_delete+nlp_wordnet_insert,2,3829,/experiment/YuNing/DataAugmentation_ReDSM5/data/processed/augsets/combo_2_299a087169/dataset.csv,ok
1fcdd0977a,nlp_randword_delete+ta_wordswap_qwerty,2,652,/experiment/YuNing/DataAugmentation_ReDSM5/data/processed/augsets/combo_2_1fcdd0977a/dataset.csv,ok
950737bda3,nlp_randword_sub+ta_char_rand_ins,2,103,/experiment/YuNing/DataAugmentation_ReDSM5/data/processed/augsets/combo_2_950737bda3/dataset.csv,ok
8cef9bdfac,nlp_spelling+ta_char_neighbor,2,385,/experiment/YuNing/DataAugmentation_ReDSM5/data/processed/augsets/combo_2_8cef9bdfac/dataset.csv,ok
59fe25f917,nlp_spelling+ta_word_delete,2,1241,/experiment/YuNing/DataAugmentation_ReDSM5/data/processed/augsets/combo_2_59fe25f917/dataset.csv,ok
10c1f3b3da,nlp_wordnet_insert+nlp_wordnet_syn,2,3551,/experiment/YuNing/DataAugmentation_ReDSM5/data/processed/augsets/combo_2_10c1f3b3da/dataset.csv,ok
dc28e36520,nlp_wordnet_insert+ta_wordswap_wordnet,2,3650,/experiment/YuNing/DataAugmentation_ReDSM5/data/processed/augsets/combo_2_dc28e36520/dataset.csv,ok
d6dea446ab,nlp_wordnet_syn+ta_wordswap_wordnet,2,3549,/experiment/YuNing/DataAugmentation_ReDSM5/data/processed/augsets/combo_2_d6dea446ab/dataset.csv,ok
1ec50db7f0,ta_char_neighbor+ta_word_delete,2,392,/experiment/YuNing/DataAugmentation_ReDSM5/data/processed/augsets/combo_2_1ec50db7f0/dataset.csv,ok
c91b06766b,ta_char_rand_del+ta_char_rand_ins,2,48,/experiment/YuNing/DataAugmentation_ReDSM5/data/processed/augsets/combo_2_c91b06766b/dataset.csv,ok
b35724a112,ta_char_rand_ins+ta_wordswap_qwerty,2,53,/experiment/YuNing/DataAugmentation_ReDSM5/data/processed/augsets/combo_2_b35724a112/dataset.csv,ok
396b5e5a74,ta_contraction+ta_word_delete,2,139,/experiment/YuNing/DataAugmentation_ReDSM5/data/processed/augsets/combo_2_396b5e5a74/dataset.csv,ok
d1fa01ae84,ta_wordswap_qwerty+ta_wordswap_wordnet,2,386,/experiment/YuNing/DataAugmentation_ReDSM5/data/processed/augsets/combo_2_d1fa01ae84/dataset.csv,ok
